id_cities,city,postal_code,country,address
1,Leksand,793 50,Sweden,620 5th Trail
2,Paris 02,75080 CEDEX 02,France,74693 Dayton Point
3,Obernai,67214 CEDEX,France,2065 Monterey Circle
4,Montluel,01129 CEDEX,France,3 Kenwood Crossing
5,Genova,16135,Italy,11 Sauthoff Street
6,Roma,00196,Italy,36 Shopko Center
7,TÃ¤by,183 04,Sweden,54 Kim Trail
8,Savannah,31416,United States,19513 Macpherson Avenue
9,Aix-en-Provence,13853 CEDEX 3,France,08262 Sycamore Center
10,Sveg,842 93,Sweden,38791 Hallows Pass
