id,first_name,last_name,username,password,email,phone,address
1,Redd,Faust,rfaust0,sFibOYABHi,rfaust0@sohu.com,251-926-2048,206 Susan Terrace
2,Raeann,Seed,rseed1,WWg3xL5,rseed1@opensource.org,402-116-1647,910 Browning Circle
3,Rosmunda,Kingswood,rkingswood2,Hu0aGRPZp3IO,rkingswood2@fc2.com,118-719-7183,241 Pearson Plaza
4,Geri,Asken,gasken3,rkOjm0R2sSEV,gasken3@acquirethisname.com,547-621-7058,2 Moulton Terrace
5,Katrinka,Lapere,klapere4,4p0mliCgr,klapere4@sun.com,959-241-2854,23 Columbus Road
6,Rayshell,Moorton,rmoorton5,LWcXim3,rmoorton5@woothemes.com,816-263-6720,373 Daystar Trail
7,Delly,Borton,dborton6,fYcfGC4864K,dborton6@va.gov,495-635-8093,64388 Glendale Court
8,Darn,Hitter,dhitter7,x0CdYjZw,dhitter7@1688.com,474-340-1105,367 Almo Pass
9,Janeczka,Hawksby,jhawksby8,WrkmB1,jhawksby8@gov.uk,450-296-6962,96743 Knutson Hill
10,Grange,Dulwitch,gdulwitch9,uR9EMfN,gdulwitch9@who.int,981-973-8861,09252 Maple Wood Road
