id,first_name,last_name,user_name,password,time_inserted_d,time_inserted_t,confirmation_code,contact_email,contact_phone,address,city,country
1,Odella,Dallimare,odallimare0,vmfon8LAd,26/5/2018,8:19 AM,O8qZFUxLkmD,odallimare0@bloglovin.com,+54 (836) 713-3364,62 Dorton Circle,Tostado,Argentina
2,Maxie,Dilworth,mdilworth1,Nh8ihaM2kBB,12/9/2018,1:44 PM,QrjBVyBMRXQ,mdilworth1@bing.com,+1 (314) 963-2813,22 Old Shore Road,Saint Louis,United States
3,Saree,Drews,sdrews2,e9tAi7C,22/7/2018,4:23 PM,9Vb9Pb6,sdrews2@imgur.com,+46 (241) 754-1848,3 Menomonie Parkway,Karlskrona,Sweden
4,Cliff,Alenikov,calenikov3,8rXt5X27d,28/5/2018,8:49 PM,P5nuqXLYY,calenikov3@state.gov,+54 (895) 577-8358,2529 Declaration Road,Concepción,Argentina
5,Tabby,Hebbs,thebbs4,8ucRrcluP,5/11/2018,9:14 PM,QEFLRt7,thebbs4@cyberchimps.com,+33 (335) 203-8443,15 Doe Crossing Court,Paris 13,France
6,Ellwood,Kondratyuk,ekondratyuk5,djyoQ2S,4/3/2018,3:45 AM,ahH1p77qa1G,ekondratyuk5@networkadvertising.org,+33 (118) 865-2242,122 Oneill Avenue,La Rochelle,France
7,Sybil,Macellar,smacellar6,V1XgTJmWr0,22/3/2018,6:45 AM,pBdotpNTx,smacellar6@vistaprint.com,+33 (709) 787-2152,20 Stephen Alley,Saumur,France
8,Nikolas,Pallister,npallister7,1wEf6UCzulZ,25/9/2018,7:36 AM,4tqX9n5hei0,npallister7@miibeian.gov.cn,+33 (914) 538-6276,107 Kingsford Circle,Hagondange,France
9,Kass,Mirams,kmirams8,zoSt0oA,11/7/2018,1:24 AM,trpZzW,kmirams8@indiegogo.com,+46 (567) 772-6128,90 Buell Circle,Motala,Sweden
10,Boote,Sive,bsive9,yDmRatvZ,12/1/2018,1:53 AM,XIyAsJvuSq,bsive9@shinystat.com,+54 (444) 129-2169,5975 Linden Alley,Concepción del Bermejo,Argentina
