id_order_aux,time_placed,details,o_delivery_address
1,06/09/2025,orci vehicula,0 Saint Paul Hill
2,01/08/2028,eget congue,760 Summit Park
3,30/04/2024,id nulla,120 Jay Pass
4,28/02/2020,donec ut,50279 Summit Crossing
5,15/11/2018,accumsan felis ut at,94 Stang Parkway
6,22/06/2020,consequat varius integer ac,89905 Veith Street
7,04/07/2022,mauris non,877 Washington Center
8,03/04/2019,luctus et,8764 Anzinger Street
9,13/05/2024,fusce consequat nulla,461 Cambridge Way
10,07/08/2023,integer tincidunt ante vel,8 Lindbergh Way
11,09/01/2025,vestibulum vestibulum,0993 Merry Avenue
12,18/04/2029,morbi non,6720 Main Point
13,17/11/2023,lorem id,7 Doe Crossing Center
14,08/12/2023,ut tellus,9 Emmet Trail
15,25/12/2027,lectus pellentesque at,7948 Bowman Alley
16,19/08/2020,amet justo morbi ut,11492 Declaration Point
17,12/10/2019,duis at velit eu,8 Tennessee Pass
18,23/08/2022,vel pede morbi porttitor,703 Union Hill
19,22/03/2026,volutpat sapien,0 Kensington Road
20,02/11/2019,in hac habitasse,115 Nevada Place
21,18/03/2021,accumsan felis,41198 John Wall Alley
22,23/09/2026,tincidunt lacus at,41489 Tennessee Point
23,18/10/2027,nunc vestibulum,18 Norway Maple Pass
24,03/09/2024,cras non velit nec,3690 Canary Court
25,04/07/2029,nulla neque,8 Bellgrove Pass
26,05/07/2023,ante ipsum,6 Dorton Drive
27,15/09/2026,est phasellus sit,8 Comanche Street
28,20/05/2018,nulla quisque arcu libero,421 Butternut Court
29,24/02/2020,ante nulla,7 Red Cloud Trail
30,17/07/2027,proin risus praesent lectus,0737 Sunbrook Road
31,30/04/2018,nisl nunc nisl,712 Mayfield Place
32,30/04/2022,luctus et,6 Farwell Trail
33,13/07/2020,dui nec nisi volutpat,8460 Mariners Cove Circle
34,29/01/2021,libero ut,65 Red Cloud Point
35,17/04/2021,in hac,8 Straubel Avenue
36,17/12/2024,aliquet maecenas,0095 Onsgard Avenue
37,06/08/2019,id pretium iaculis diam,39 Donald Street
38,04/09/2021,sed justo,547 Loftsgordon Point
39,30/12/2022,in quam fringilla rhoncus,965 Riverside Point
40,17/05/2029,ultrices aliquet maecenas,5201 Miller Trail
41,04/06/2018,est lacinia nisi venenatis,60654 Sutteridge Alley
42,22/02/2019,purus aliquet at feugiat,12 Clemons Road
43,11/04/2028,a nibh in,77976 Dottie Street
44,16/03/2026,vestibulum ante ipsum,023 Londonderry Park
45,12/12/2022,iaculis justo in,24229 Emmet Hill
46,17/07/2026,vestibulum vestibulum,328 Trailsway Drive
47,25/07/2023,morbi vestibulum velit,4 Browning Place
48,23/04/2027,quis augue,062 Parkside Point
49,23/06/2020,vel augue vestibulum,06 Birchwood Terrace
50,04/11/2023,risus auctor sed,289 Clyde Gallagher Terrace
51,24/05/2022,lacus morbi,011 Maple Wood Avenue
52,11/08/2019,morbi ut odio,1030 Sherman Parkway
53,05/08/2020,ipsum praesent,867 Artisan Lane
54,06/02/2018,iaculis justo in,1558 Memorial Street
55,06/06/2028,et ultrices,46881 Monterey Alley
56,17/07/2022,congue vivamus metus arcu,7 Schurz Point
57,21/08/2028,phasellus sit amet erat,95362 Leroy Drive
58,01/05/2021,curabitur at ipsum ac,6195 Maryland Point
59,01/03/2018,nulla ac enim in,1791 Lakeland Parkway
60,02/08/2029,in tempor turpis nec,4451 Carberry Street
61,20/07/2029,nullam varius nulla facilisi,6 Hayes Parkway
62,06/09/2022,integer ac neque,07 Knutson Circle
63,02/05/2025,semper rutrum,02 Continental Avenue
64,18/02/2029,natoque penatibus,9 Mockingbird Drive
65,04/10/2029,fermentum justo nec,936 Twin Pines Drive
66,21/10/2024,morbi non quam nec,12 Barby Terrace
67,18/09/2028,a nibh,604 Carey Street
68,27/05/2027,sit amet,2 Ludington Hill
69,27/09/2027,metus vitae ipsum aliquam,0 Utah Junction
70,07/12/2029,phasellus in felis donec,44 Susan Center
71,19/12/2021,venenatis non,1684 La Follette Crossing
72,26/07/2020,sed justo,2 Pawling Plaza
73,06/12/2025,ultrices libero,7204 Johnson Road
74,31/08/2021,orci pede venenatis non,1039 Londonderry Parkway
75,07/08/2026,sit amet nulla quisque,98710 Namekagon Pass
76,05/08/2020,sed nisl nunc,85444 Graceland Alley
77,27/08/2023,tincidunt ante,6 Raven Way
78,27/08/2021,scelerisque quam,7984 Hallows Drive
79,03/02/2024,turpis donec posuere,07293 West Pass
80,30/08/2023,primis in faucibus,2 Namekagon Trail
81,14/09/2028,donec odio justo sollicitudin,75 Gateway Parkway
82,25/06/2018,vestibulum aliquet ultrices,9249 Birchwood Park
83,24/01/2027,lacus purus,707 Onsgard Court
84,30/11/2019,diam in,72 Bunker Hill Junction
85,26/06/2026,elementum ligula,0 New Castle Street
86,12/11/2020,interdum mauris non ligula,61711 Corscot Road
87,27/12/2020,potenti nullam,63 Mesta Road
88,22/11/2019,diam vitae,6017 Steensland Way
89,22/02/2018,mi pede malesuada,21 Brickson Park Terrace
90,22/10/2019,quam pharetra magna,03 Victoria Alley
91,05/08/2023,cubilia curae mauris viverra,142 Mayfield Drive
92,28/03/2027,mauris enim,583 Fulton Pass
93,07/09/2018,justo sollicitudin ut suscipit,6501 Monica Pass
94,28/01/2027,cras in purus eu,5930 Iowa Court
95,11/11/2025,lectus aliquam sit,3 Londonderry Road
96,10/06/2023,at velit vivamus vel,4 Thompson Drive
97,08/07/2026,vestibulum aliquet ultrices erat,563 Steensland Alley
98,27/12/2018,cum sociis natoque,09554 Russell Lane
99,14/04/2022,nascetur ridiculus mus,602 Clyde Gallagher Lane
100,11/09/2018,nullam molestie,31646 Aberg Plaza
101,05/06/2029,in faucibus,58 Lakeland Place
102,08/01/2026,vitae consectetuer eget,6684 7th Avenue
103,09/03/2026,suscipit a,489 Cordelia Road
104,17/03/2022,et ultrices posuere,3 Green Court
105,01/03/2028,turpis nec euismod scelerisque,880 Barnett Pass
106,21/12/2021,integer a,830 Sage Road
107,11/01/2024,lacus at turpis,80904 Nova Point
108,01/04/2018,fusce congue,01374 Northland Lane
109,28/08/2019,in tempus,2456 Cardinal Pass
110,11/10/2021,convallis eget,2372 Killdeer Point
111,07/11/2024,condimentum neque sapien,26177 Hansons Place
112,14/09/2021,quam fringilla rhoncus mauris,30500 Starling Point
113,24/01/2021,donec dapibus duis,071 Wayridge Pass
114,04/04/2023,tristique in tempus,6160 Summerview Drive
115,22/06/2022,nec euismod,47 Buell Way
116,13/04/2019,et commodo vulputate,9278 Haas Crossing
117,17/02/2025,risus dapibus augue,3670 Homewood Street
118,15/03/2028,turpis eget elit,5 Dwight Way
119,07/06/2021,odio consequat varius integer,9 Bartillon Junction
120,10/11/2025,curabitur gravida,3493 Evergreen Pass
121,29/06/2021,ac leo pellentesque,43945 Dunning Trail
122,14/02/2021,eu magna,739 Superior Center
123,23/01/2022,vel est,55171 Monterey Hill
124,07/08/2023,id lobortis,443 Old Shore Hill
125,28/12/2020,adipiscing elit proin interdum,7 Menomonie Point
126,06/09/2028,ac nulla sed,3 Dwight Point
127,26/02/2027,augue luctus tincidunt,4 Monterey Trail
128,06/06/2027,donec odio justo sollicitudin,24 Vermont Way
129,04/02/2019,nec molestie sed,54 Randy Point
130,30/10/2021,nibh fusce lacus,68590 Hanover Hill
131,18/10/2029,sem duis aliquam convallis,1601 Milwaukee Place
132,18/09/2027,non quam,635 Crescent Oaks Center
133,19/08/2023,nullam molestie nibh,3 Arrowood Point
134,22/09/2023,proin interdum mauris,2367 Garrison Drive
135,29/04/2026,erat fermentum justo,51399 Pennsylvania Parkway
136,22/05/2019,venenatis tristique fusce,63 Sherman Avenue
137,17/02/2019,sem sed sagittis,4 Twin Pines Court
138,02/04/2023,pellentesque viverra,1 Armistice Pass
139,28/08/2018,tincidunt lacus at,811 Superior Way
140,18/11/2018,mi sit amet lobortis,636 Knutson Hill
141,28/10/2027,etiam pretium,4 Hoard Lane
142,01/07/2025,turpis donec,071 Eastwood Trail
143,07/06/2022,duis mattis egestas metus,64 Alpine Plaza
144,15/08/2019,nibh in hac,5 Springview Way
145,20/10/2025,aenean sit amet,843 Spohn Circle
146,27/11/2026,pede malesuada in imperdiet,2159 Carberry Circle
147,30/08/2028,eros vestibulum ac,331 Raven Drive
148,06/10/2028,sem fusce consequat,69366 Dahle Road
149,07/04/2019,accumsan tellus nisi,76494 Schmedeman Way
150,04/09/2022,elementum in,1 Donald Trail
151,01/08/2028,amet nunc,232 Debra Pass
152,06/05/2029,facilisi cras,11 Burning Wood Parkway
153,03/12/2028,odio donec,8 Village Green Alley
154,03/07/2026,orci luctus et,4 Walton Road
155,21/05/2029,vestibulum rutrum rutrum neque,4922 Autumn Leaf Trail
156,15/02/2023,duis bibendum,8642 Laurel Lane
157,07/12/2026,aliquet pulvinar sed,2 5th Avenue
158,15/08/2029,quis turpis eget,4606 Raven Trail
159,09/10/2025,quam turpis adipiscing lorem,29778 Claremont Pass
160,27/08/2018,scelerisque mauris,540 Pierstorff Drive
161,12/04/2018,sapien quis libero,7359 Crest Line Junction
162,22/10/2019,amet diam in,340 Lighthouse Bay Road
163,22/04/2025,enim leo rhoncus sed,0 Kipling Crossing
164,11/08/2018,scelerisque mauris sit amet,68 Sunfield Pass
165,18/08/2020,odio donec vitae,882 Commercial Terrace
166,08/08/2021,curae mauris,8400 Tennessee Plaza
167,16/02/2024,morbi non quam,7003 Oak Place
168,22/05/2023,porttitor lorem id,5 Milwaukee Road
169,22/12/2025,vel pede morbi porttitor,64171 Rutledge Center
170,05/02/2024,ligula suspendisse ornare consequat,6327 Manley Trail
171,28/03/2020,sed tristique in tempus,67952 Scoville Circle
172,09/02/2028,maecenas rhoncus,0223 Nova Crossing
173,16/11/2027,lacinia aenean sit amet,6958 Memorial Alley
174,01/01/2022,pede libero quis,5 Dunning Road
175,19/05/2023,venenatis tristique,3 Buell Street
176,29/05/2020,hac habitasse platea dictumst,23 Harbort Street
177,01/02/2028,nam congue,83147 Dunning Circle
178,06/01/2028,et eros vestibulum ac,86658 Golf Point
179,16/04/2023,justo pellentesque,920 East Place
180,28/11/2023,semper porta volutpat,9196 Maywood Court
181,06/11/2028,vel lectus in quam,915 Prentice Court
182,07/02/2026,metus sapien ut nunc,54452 Veith Place
183,13/12/2026,venenatis non sodales,08744 Hoffman Point
184,30/03/2027,orci eget orci,44858 Granby Point
185,07/02/2019,ut massa quis,4405 Debra Terrace
186,27/08/2024,suspendisse potenti,6637 Ridgeview Circle
187,10/02/2029,quam nec dui luctus,483 Charing Cross Park
188,19/07/2028,morbi odio odio elementum,38721 Kipling Terrace
189,04/01/2028,dui proin leo odio,62281 Pennsylvania Place
190,30/06/2027,mauris vulputate elementum,60 Dovetail Point
191,08/09/2021,augue vel accumsan,0 Helena Point
192,22/12/2025,morbi non,3 Sommers Lane
193,15/10/2023,at turpis,7219 Westerfield Crossing
194,10/01/2026,dictumst aliquam augue,2591 Corscot Alley
195,25/02/2019,vivamus in,5 3rd Court
196,03/11/2021,vel enim sit,70325 Melrose Center
197,23/10/2029,eleifend donec,80 Spohn Center
198,20/04/2025,eros elementum pellentesque quisque,3 Summer Ridge Lane
199,23/04/2026,mus vivamus,01423 Starling Junction
200,18/01/2020,vel nulla,2233 Oakridge Park
201,20/11/2019,a nibh in quis,6536 Farragut Pass
202,16/09/2024,massa id nisl venenatis,512 Riverside Junction
203,27/11/2022,aliquam erat volutpat in,5491 Southridge Court
204,01/04/2021,vel nulla eget eros,102 Pierstorff Point
205,02/08/2023,integer aliquet,018 Pine View Point
206,05/05/2019,curabitur convallis,113 Londonderry Place
207,31/12/2026,pede posuere nonummy integer,2741 Di Loreto Plaza
208,17/03/2023,quisque porta volutpat,80103 East Junction
209,30/08/2020,in hac habitasse,1 Dapin Circle
210,28/12/2020,id mauris,80 Daystar Plaza
211,16/10/2025,posuere cubilia,60 Bartelt Lane
212,18/02/2028,justo in hac,2 Memorial Center
213,30/05/2028,nulla dapibus,0932 Del Mar Circle
214,23/08/2020,ligula in,963 Cody Circle
215,25/11/2025,tellus semper interdum mauris,9098 Pankratz Pass
216,11/01/2019,nulla ut,0 Tennessee Hill
217,10/08/2018,justo maecenas,132 Bay Junction
218,04/07/2027,lacus curabitur,218 Laurel Crossing
219,03/05/2020,sit amet nunc,913 Sugar Park
220,29/10/2029,etiam justo etiam,933 Brickson Park Plaza
221,19/07/2019,libero rutrum,47348 Moose Lane
222,26/11/2018,molestie sed justo pellentesque,396 Butterfield Place
223,26/12/2020,pellentesque at,204 Schurz Center
224,05/07/2020,vestibulum sagittis,054 Corben Lane
225,30/12/2019,blandit mi,87 Bay Road
226,18/08/2025,erat volutpat in,14 Crest Line Park
227,31/12/2026,ut nunc vestibulum,54 Walton Terrace
228,28/08/2021,montes nascetur,02591 Holmberg Way
229,09/04/2024,euismod scelerisque,4246 Northview Drive
230,17/05/2019,metus arcu,3761 Maywood Street
231,28/01/2025,diam erat fermentum justo,6 Harper Circle
232,29/04/2021,ultrices aliquet maecenas leo,7358 Larry Plaza
233,22/07/2024,magnis dis,424 Southridge Court
234,21/05/2027,diam nam tristique,9 Blue Bill Park Court
235,25/10/2020,ac tellus,3386 Main Road
236,11/10/2025,justo sit amet sapien,616 Roxbury Court
237,28/12/2024,nascetur ridiculus mus vivamus,37792 Schmedeman Circle
238,05/06/2023,lorem ipsum dolor,39 Stoughton Parkway
239,28/01/2023,sollicitudin ut,1009 7th Street
240,10/10/2029,dui vel nisl,5 Autumn Leaf Point
241,09/06/2020,luctus tincidunt,17 Erie Road
242,25/01/2020,quam sapien varius ut,4 Golden Leaf Court
243,19/12/2023,lectus vestibulum quam,326 Gerald Street
244,22/01/2019,sapien cursus vestibulum proin,78625 Loftsgordon Avenue
245,28/03/2018,lacinia erat vestibulum,42 Bowman Plaza
246,30/05/2018,lacinia nisi venenatis,4218 Sutteridge Lane
247,25/02/2019,massa id nisl venenatis,8 Montana Avenue
248,21/11/2019,odio in hac habitasse,838 Brown Street
249,25/05/2022,quis justo,36797 Kim Lane
250,12/05/2019,ipsum dolor sit amet,55581 Jackson Road
251,08/05/2027,nisl aenean lectus pellentesque,929 Brown Center
252,16/06/2021,feugiat et eros,9 Dayton Circle
253,12/07/2019,quam suspendisse potenti nullam,260 Manitowish Road
254,24/11/2022,gravida sem,52 Almo Center
255,12/10/2022,quis lectus,3142 Warrior Way
256,07/07/2026,eleifend pede libero quis,8 Thompson Plaza
257,13/12/2019,donec semper sapien,2 Jay Plaza
258,29/06/2029,imperdiet nullam,4122 4th Circle
259,22/03/2026,sit amet eleifend,64 Oxford Way
260,14/01/2019,dui vel,5 Loomis Road
261,29/05/2025,pretium iaculis diam,58 Mallard Lane
262,09/02/2024,lacus purus aliquet at,1 Golf Point
263,15/02/2020,augue quam sollicitudin,34907 La Follette Pass
264,20/12/2018,varius ut blandit,17 Superior Street
265,16/01/2020,pede libero quis,46339 Schlimgen Center
266,25/03/2023,aliquam lacus,75345 Holmberg Alley
267,02/07/2028,sodales scelerisque,11979 Hintze Court
268,24/03/2021,habitasse platea dictumst maecenas,2816 Cordelia Avenue
269,07/11/2026,sapien iaculis congue vivamus,1949 Rigney Street
270,20/09/2026,odio elementum,2153 Bunting Alley
271,09/03/2020,sit amet cursus id,78300 Buena Vista Point
272,23/09/2019,quis tortor id,6392 Calypso Crossing
273,16/09/2027,aliquet pulvinar,667 Elgar Plaza
274,15/05/2021,vestibulum ante ipsum,275 Hoffman Crossing
275,09/03/2023,nec molestie sed,49079 6th Road
276,25/08/2019,quisque porta volutpat erat,3286 Di Loreto Court
277,15/02/2026,ipsum integer a nibh,48 Dayton Way
278,08/09/2029,id mauris vulputate,8307 Green Court
279,01/07/2029,pellentesque quisque,73 Elgar Drive
280,08/07/2021,amet sem,7083 Quincy Drive
281,19/01/2022,suscipit nulla elit,92 Killdeer Park
282,20/02/2023,velit vivamus vel,3 Miller Crossing
283,12/02/2019,magna vulputate,40583 Petterle Park
284,05/09/2019,mauris non ligula pellentesque,139 Walton Terrace
285,07/10/2026,sodales sed tincidunt,272 Moulton Court
286,27/03/2018,hac habitasse platea,6 Hoffman Trail
287,06/06/2023,erat curabitur gravida,05143 Iowa Hill
288,02/11/2025,aliquet maecenas leo,441 Delaware Junction
289,26/03/2021,convallis nunc proin at,01 Bashford Place
290,10/04/2022,pretium iaculis,78 Bonner Court
291,20/04/2026,odio consequat,06 Longview Terrace
292,20/02/2022,lacinia aenean,61 Lindbergh Parkway
293,10/06/2024,nec euismod,0 Colorado Point
294,04/03/2025,morbi non lectus aliquam,421 Crowley Alley
295,05/09/2028,ut at dolor,89 Pine View Center
296,09/10/2029,vitae consectetuer eget,492 Gale Way
297,06/12/2028,tempus vel,8541 Drewry Trail
298,22/02/2020,nec molestie sed,4 Cascade Junction
299,14/07/2020,bibendum imperdiet,8 Riverside Street
300,26/09/2026,aliquam augue,180 Loeprich Circle
301,20/09/2018,platea dictumst maecenas,41588 Clemons Point
302,21/04/2024,vitae nisl,4495 Spohn Center
303,16/09/2020,nisi vulputate,01 Warbler Hill
304,22/05/2029,est congue,98 Ramsey Hill
305,07/09/2023,accumsan tellus nisi,272 Transport Park
306,28/01/2027,varius ut blandit,591 Green Ridge Road
307,11/07/2020,mauris vulputate,88 Dwight Crossing
308,20/12/2019,eu est,87753 Welch Trail
309,07/05/2029,placerat ante nulla,09 Eastlawn Terrace
310,30/08/2024,in quam,3297 Hagan Court
311,13/06/2024,praesent lectus vestibulum quam,80565 Ohio Lane
312,03/10/2027,primis in faucibus,933 Parkside Hill
313,12/04/2028,eu mi,928 Dorton Junction
314,20/02/2018,nulla pede ullamcorper,79692 Ruskin Park
315,29/09/2028,ut volutpat,98581 Shasta Lane
316,13/05/2022,est quam pharetra,5558 Mallard Lane
317,25/07/2021,at turpis a,814 Garrison Center
318,28/09/2026,tempus semper est quam,796 Mesta Place
319,19/09/2028,condimentum curabitur in,3 Hintze Plaza
320,19/02/2020,vestibulum ante ipsum primis,0 Moose Trail
321,20/03/2021,non mattis pulvinar,309 Arrowood Street
322,30/11/2019,consequat ut,48793 Oriole Avenue
323,07/07/2021,nec molestie sed,8 Pleasure Court
324,26/12/2020,accumsan tellus nisi,12263 Melody Circle
325,12/06/2022,eu nibh quisque id,41463 Stephen Point
326,03/02/2026,ipsum praesent blandit,67 Hauk Parkway
327,29/10/2026,bibendum morbi non,3982 Mariners Cove Terrace
328,26/06/2025,habitasse platea dictumst maecenas,78 Lyons Junction
329,11/07/2029,orci nullam molestie,6300 Arizona Crossing
330,04/04/2024,nunc donec quis orci,7183 Scofield Drive
331,13/01/2022,pellentesque quisque porta volutpat,306 Dapin Drive
332,16/10/2021,rhoncus mauris,3 Amoth Avenue
333,27/05/2028,sem sed sagittis,9048 Manufacturers Junction
334,23/05/2024,iaculis congue vivamus,9 Elmside Trail
335,28/05/2026,eu mi nulla ac,38 Waywood Junction
336,01/04/2026,semper interdum,29 Carioca Lane
337,02/08/2028,nulla eget,3071 Blackbird Crossing
338,02/01/2019,lorem integer tincidunt,966 Russell Street
339,18/02/2024,consequat ut nulla sed,34 Corry Park
340,05/04/2026,ante ipsum primis in,610 5th Drive
341,17/05/2019,justo maecenas,88414 Forster Hill
342,06/11/2022,mauris viverra,6526 Blaine Junction
343,17/04/2025,amet consectetuer adipiscing,04146 Independence Trail
344,11/06/2022,pharetra magna vestibulum,1 Johnson Junction
345,01/04/2019,quis turpis,2 Anhalt Place
346,18/06/2028,nisl venenatis,0 Acker Court
347,20/02/2019,ac lobortis vel dapibus,0470 Golf Road
348,25/02/2020,ut at dolor,20 Sutherland Junction
349,29/12/2020,sociis natoque penatibus et,38 Lerdahl Parkway
350,13/11/2027,sem praesent id,4578 Lakewood Point
351,03/11/2018,ac neque duis bibendum,4540 Cardinal Avenue
352,15/01/2019,fusce congue diam id,78159 Fallview Street
353,25/01/2024,tincidunt eu,1 Browning Trail
354,07/05/2022,sapien placerat ante nulla,28498 Annamark Crossing
355,21/10/2023,sem praesent,66 Northport Circle
356,31/07/2023,ante ipsum,7560 Di Loreto Terrace
357,23/08/2026,sapien urna,77068 Kim Court
358,28/03/2018,integer pede justo lacinia,62 Hudson Court
359,16/09/2026,volutpat erat,0530 Jay Alley
360,01/01/2028,iaculis congue,41 Starling Lane
361,16/07/2024,posuere cubilia,59 Colorado Place
362,17/02/2028,vitae consectetuer eget rutrum,384 Hoard Drive
363,30/12/2029,mauris sit,4 Buell Terrace
364,02/01/2026,praesent lectus vestibulum quam,3 Hovde Road
365,13/08/2020,augue luctus tincidunt nulla,14704 Pankratz Way
366,21/05/2029,convallis nunc proin at,2 Hazelcrest Parkway
367,26/10/2021,porttitor lorem,6 Glendale Drive
368,04/02/2026,velit donec diam,74 Scoville Way
369,18/08/2028,ac tellus,0944 Bay Junction
370,20/06/2029,cubilia curae donec pharetra,28 Union Road
371,21/03/2029,donec ut dolor,1 Everett Crossing
372,22/01/2026,sapien placerat,2207 Morningstar Parkway
373,16/03/2021,fusce consequat nulla nisl,2 Lunder Drive
374,16/11/2019,quis turpis,04 Hagan Road
375,23/07/2020,platea dictumst maecenas ut,18 Mendota Road
376,04/03/2022,odio odio,9129 Sycamore Lane
377,03/08/2024,aenean sit,97 Valley Edge Road
378,24/07/2024,duis at velit eu,90 Onsgard Park
379,06/08/2025,platea dictumst etiam,91 Clemons Park
380,22/04/2024,est congue elementum in,3321 2nd Point
381,27/09/2029,dictumst morbi vestibulum velit,464 Trailsway Terrace
382,17/03/2022,vivamus tortor,08 Milwaukee Park
383,19/05/2019,vitae nisi,8024 Monica Avenue
384,28/11/2023,nulla elit ac nulla,496 Upham Road
385,11/10/2021,tincidunt eget tempus vel,64 Dawn Crossing
386,30/08/2022,fermentum donec,80 Rowland Lane
387,19/11/2025,nam ultrices,17 Leroy Street
388,11/06/2028,sodales sed,5 Stoughton Trail
389,29/06/2023,risus auctor,9778 Village Green Point
390,25/06/2025,lorem vitae mattis nibh,85 Onsgard Way
391,18/02/2018,nam ultrices libero,701 Warner Circle
392,09/02/2021,odio cras mi pede,6756 Duke Crossing
393,10/07/2029,amet eros,62 Elgar Terrace
394,13/02/2024,in ante vestibulum,870 Westridge Center
395,30/10/2029,ac neque,1 Lotheville Street
396,22/10/2028,non velit donec,35671 Ronald Regan Street
397,11/10/2024,est quam pharetra,234 High Crossing Way
398,11/07/2020,praesent id massa id,406 Hanson Hill
399,19/11/2018,diam in magna,7851 Hanover Alley
400,22/08/2024,posuere metus vitae ipsum,669 Carey Alley
401,20/12/2024,porta volutpat erat,8 Sunbrook Junction
402,28/07/2022,amet erat nulla tempus,06 Lakewood Gardens Terrace
403,10/09/2029,suspendisse potenti cras,36445 Sloan Pass
404,28/05/2026,pretium nisl,949 Hovde Street
405,02/05/2018,dictumst morbi,1 Luster Parkway
406,10/08/2027,congue vivamus metus arcu,90 Mitchell Point
407,27/08/2024,vestibulum sed,862 Bunting Court
408,29/12/2028,eget massa,9 Dexter Road
409,07/08/2020,aliquam sit,1316 Del Sol Junction
410,11/10/2028,nibh fusce lacus,8597 Melby Place
411,04/02/2027,sagittis nam congue,926 Dahle Parkway
412,06/02/2018,venenatis turpis enim,2374 Chive Circle
413,12/01/2025,volutpat sapien,8618 Fuller Center
414,27/06/2018,ultrices vel augue vestibulum,05476 Maple Place
415,30/06/2021,lacus curabitur at ipsum,79147 Clarendon Place
416,30/11/2026,id justo sit amet,4 Summerview Circle
417,07/09/2027,luctus rutrum nulla,69577 Messerschmidt Avenue
418,20/05/2019,cras mi,221 Anzinger Circle
419,09/09/2022,tempus vivamus,75028 Glendale Terrace
420,10/03/2026,libero convallis eget eleifend,734 Crownhardt Pass
421,19/04/2020,integer aliquet massa,1 Vernon Terrace
422,17/12/2029,vestibulum proin eu mi,04 Goodland Avenue
423,31/10/2026,lectus in quam fringilla,7677 Stone Corner Circle
424,26/02/2023,leo rhoncus sed,2070 Lotheville Trail
425,22/01/2026,donec dapibus duis,2 Forest Plaza
426,08/05/2027,sem sed sagittis nam,16090 Meadow Ridge Way
427,13/07/2027,venenatis tristique fusce congue,628 Prairie Rose Center
428,04/12/2027,dictumst aliquam augue quam,3 Mariners Cove Court
429,26/12/2024,tortor quis,9 Pleasure Alley
430,11/07/2024,in tempor,9663 Summer Ridge Court
431,17/05/2026,sollicitudin ut,6621 Saint Paul Place
432,11/12/2026,felis fusce,504 Karstens Center
433,14/02/2018,sed tristique in tempus,4 Roth Place
434,26/10/2023,amet sapien dignissim vestibulum,2 Novick Way
435,12/07/2027,ultrices vel augue,52205 Clove Hill
436,12/01/2026,consequat in,17956 Surrey Avenue
437,06/11/2023,eget semper rutrum,81228 Melody Alley
438,15/10/2021,vitae ipsum aliquam non,03 Basil Street
439,18/12/2025,pretium iaculis,77 Thompson Alley
440,20/03/2021,faucibus orci luctus,2692 Melrose Center
441,27/02/2021,a libero nam dui,66 Ronald Regan Lane
442,05/02/2025,semper sapien,296 Ludington Trail
443,15/10/2025,sit amet sapien dignissim,757 Spohn Pass
444,14/03/2026,non pretium quis lectus,86 Ridgeview Pass
445,14/04/2022,habitasse platea,00 Corscot Junction
446,25/09/2028,nisl nunc,895 Almo Pass
447,08/01/2027,aliquet at feugiat,70 Merchant Street
448,22/06/2028,amet erat,45 Pankratz Street
449,09/02/2024,risus semper porta,3 Kingsford Street
450,26/11/2029,blandit ultrices enim,3 Gateway Junction
451,18/01/2029,posuere cubilia curae,32 Annamark Center
452,30/08/2022,quis tortor id nulla,84 Hazelcrest Trail
453,19/07/2025,sapien urna pretium,2843 Golf Course Alley
454,24/01/2027,dui vel,964 Memorial Circle
455,22/09/2021,parturient montes,37 Marquette Avenue
456,30/07/2025,nam nulla integer,7430 Springs Parkway
457,17/07/2026,vitae ipsum aliquam non,7819 Lillian Parkway
458,18/12/2029,accumsan tellus nisi eu,0936 Di Loreto Park
459,22/04/2022,phasellus in,267 Straubel Crossing
460,10/12/2028,tincidunt ante,313 Southridge Point
461,08/01/2027,duis aliquam convallis,3976 Fair Oaks Point
462,23/05/2029,lacus at turpis donec,357 Dapin Circle
463,01/06/2026,in magna bibendum,59869 Crescent Oaks Parkway
464,23/02/2024,nibh fusce lacus,89 Hermina Hill
465,04/02/2022,suscipit nulla elit ac,769 Gerald Center
466,11/07/2028,duis at,36086 Anhalt Plaza
467,28/01/2020,interdum mauris non ligula,7 Artisan Junction
468,23/10/2021,volutpat in congue etiam,544 Independence Place
469,30/08/2024,magna at nunc commodo,4 Straubel Plaza
470,05/12/2029,risus semper,1979 Pankratz Trail
471,08/02/2026,dapibus at diam nam,03 Amoth Point
472,13/02/2029,nascetur ridiculus mus vivamus,580 Buena Vista Point
473,14/07/2020,ultrices aliquet maecenas leo,1 North Crossing
474,08/11/2026,et commodo vulputate justo,777 Columbus Parkway
475,16/07/2028,habitasse platea,3672 Oak Circle
476,22/08/2019,in hac habitasse platea,23504 Dawn Parkway
477,13/08/2021,eros viverra eget congue,9783 Kedzie Terrace
478,21/05/2023,rhoncus aliquet,9827 Melvin Park
479,01/05/2022,massa volutpat,67 Hollow Ridge Junction
480,05/04/2027,in felis eu sapien,515 Mcbride Center
481,11/03/2027,quisque ut erat,0160 Washington Pass
482,07/04/2028,vestibulum eget vulputate,5783 Luster Road
483,02/03/2027,turpis integer,3 Calypso Terrace
484,26/11/2028,praesent blandit lacinia erat,17 Service Court
485,02/12/2025,turpis nec euismod scelerisque,2 Dapin Lane
486,30/09/2025,nec dui luctus,66928 Laurel Way
487,17/04/2023,libero convallis,1226 Tony Place
488,16/11/2028,at nunc commodo,5884 Forest Run Parkway
489,15/02/2029,turpis nec euismod,85 Westerfield Pass
490,09/07/2021,magna ac consequat metus,18 Eastwood Street
491,27/10/2025,quis augue,62 American Ash Way
492,28/06/2021,in hac habitasse,58524 Mesta Road
493,12/05/2026,maecenas pulvinar lobortis est,39602 Ruskin Parkway
494,30/08/2023,porttitor lacus at turpis,62939 Myrtle Trail
495,31/03/2020,magna bibendum imperdiet,5093 Melody Lane
496,17/12/2018,lectus in quam,921 Laurel Street
497,23/11/2026,ac diam cras,0623 Schurz Point
498,10/08/2021,in est risus auctor,69 Dawn Road
499,07/03/2025,eget congue eget,5 Crowley Plaza
500,23/11/2024,elit sodales,90 Pepper Wood Road
501,12/09/2021,sapien non mi integer,53223 Trailsway Alley
502,19/12/2021,luctus ultricies,9 Cordelia Street
503,04/04/2025,curabitur convallis,1329 Lunder Alley
504,25/06/2018,vel nisl duis,8777 Old Gate Pass
505,29/07/2023,amet sapien,7 Springs Trail
506,17/10/2028,ante ipsum,9694 Victoria Plaza
507,28/07/2026,dui nec nisi volutpat,408 Northview Center
508,19/12/2029,quis turpis,3 Lakewood Gardens Court
509,06/10/2019,curae mauris,9 Londonderry Drive
510,05/01/2021,ut dolor morbi,2857 Judy Junction
511,04/04/2029,potenti in eleifend quam,17638 Clemons Alley
512,08/06/2022,dis parturient montes,45374 Sachs Lane
513,21/11/2022,ultrices posuere,76072 Ridge Oak Crossing
514,18/03/2027,dapibus duis at velit,7 Ridgeway Terrace
515,27/07/2025,nam tristique,28 La Follette Plaza
516,13/06/2022,curabitur in libero,90360 Shasta Alley
517,16/03/2022,eleifend pede libero,1404 Claremont Trail
518,25/01/2020,lectus in est risus,0 Grasskamp Hill
519,18/01/2021,nisl duis bibendum,5 Blaine Hill
520,05/11/2027,diam neque,159 Pawling Junction
521,28/01/2025,libero rutrum,113 Sherman Pass
522,09/09/2019,semper porta,91 Service Place
523,23/02/2018,leo odio,2512 Fairview Point
524,29/06/2022,hac habitasse platea dictumst,22973 Reinke Lane
525,24/02/2021,eleifend donec ut dolor,649 Schmedeman Street
526,15/10/2022,ultrices vel augue,31922 Hazelcrest Plaza
527,20/10/2029,justo nec,91 Melrose Lane
528,26/02/2021,lacus curabitur at,32599 Randy Court
529,13/02/2028,odio odio,5896 Hovde Avenue
530,21/09/2023,et ultrices,4 Mosinee Parkway
531,25/04/2027,euismod scelerisque,980 Buena Vista Way
532,15/05/2021,mi pede malesuada,72705 Brickson Park Terrace
533,17/04/2025,vel ipsum,4 Coolidge Lane
534,06/05/2020,nibh ligula,87 Norway Maple Avenue
535,17/06/2022,id nisl venenatis,1 Dakota Way
536,11/09/2023,habitasse platea,036 Nobel Road
537,30/12/2026,velit vivamus,90530 Prairieview Park
538,13/04/2018,integer a nibh,391 Buhler Alley
539,06/09/2021,lorem ipsum,9 Eggendart Hill
540,18/06/2024,quis justo maecenas,4494 Rutledge Way
541,04/08/2021,justo lacinia eget,82884 Carberry Lane
542,12/01/2028,justo eu massa donec,77 Golf View Circle
543,14/09/2020,nibh in hac habitasse,9909 Heffernan Junction
544,28/10/2023,dis parturient montes nascetur,021 Muir Hill
545,09/04/2029,orci eget,593 David Crossing
546,28/11/2024,et ultrices,298 Sunfield Crossing
547,06/11/2029,velit vivamus vel,2591 Forest Way
548,22/11/2027,faucibus accumsan,0 Messerschmidt Park
549,27/05/2018,mattis egestas,6011 Shasta Trail
550,23/11/2023,dapibus nulla,5 Manley Court
551,20/08/2023,a odio in hac,4818 Corben Drive
552,11/11/2026,pulvinar nulla,44959 Westport Circle
553,08/03/2020,in hac habitasse platea,5 Warrior Circle
554,20/07/2027,donec dapibus,4515 Artisan Lane
555,13/03/2021,gravida sem praesent,0 Bunker Hill Park
556,05/03/2028,diam vitae quam,8248 Lukken Court
557,23/03/2021,odio consequat varius integer,4197 Sunbrook Crossing
558,15/06/2018,viverra eget congue,0 Butterfield Hill
559,31/08/2021,consequat in consequat ut,07771 Pearson Trail
560,09/01/2020,sed nisl nunc rhoncus,30332 Oriole Drive
561,26/05/2020,tristique est,54702 Linden Lane
562,20/03/2018,vestibulum ante,14 Carey Parkway
563,22/04/2027,vitae quam suspendisse,29 Chinook Plaza
564,23/07/2020,odio curabitur,0 Packers Hill
565,31/08/2024,interdum mauris ullamcorper purus,88 Birchwood Plaza
566,02/09/2023,pede justo eu,84508 Mccormick Crossing
567,10/11/2026,eu orci mauris,877 Waubesa Crossing
568,11/03/2028,consectetuer adipiscing elit,82353 Dryden Drive
569,19/10/2018,tortor risus,7730 Caliangt Road
570,17/05/2026,ante ipsum primis in,46094 Darwin Point
571,29/11/2025,maecenas pulvinar,644 Pine View Pass
572,05/04/2022,quam pharetra magna ac,39 Dovetail Trail
573,30/11/2028,nisl ut volutpat,647 Coleman Drive
574,04/11/2026,rutrum nulla,97441 Rowland Parkway
575,11/07/2028,nulla suspendisse potenti,9 Dixon Pass
576,14/04/2029,rutrum nulla tellus in,03 Magdeline Point
577,28/06/2026,leo odio,03090 John Wall Lane
578,20/12/2019,a suscipit nulla elit,0651 Anzinger Crossing
579,23/07/2020,maecenas tincidunt lacus,78 Buena Vista Point
580,01/08/2022,ac lobortis vel dapibus,343 Menomonie Place
581,03/07/2027,faucibus orci luctus,1 Sommers Hill
582,11/11/2028,suscipit nulla elit ac,5078 Butterfield Place
583,03/12/2024,nulla justo aliquam,7 Charing Cross Park
584,30/08/2029,interdum eu,602 Goodland Alley
585,04/07/2019,libero nam dui proin,856 Laurel Junction
586,09/07/2028,nulla tempus,3507 Muir Road
587,25/02/2028,eget eleifend,69 Armistice Park
588,19/05/2020,ac nulla,63380 Delladonna Point
589,23/12/2018,mattis egestas,8 Hudson Lane
590,16/12/2018,eleifend quam,81 Twin Pines Road
591,01/10/2023,leo odio condimentum id,9 Hollow Ridge Circle
592,03/04/2027,commodo placerat praesent,30888 Hintze Road
593,08/02/2020,justo pellentesque,1471 Buhler Circle
594,31/12/2027,sapien arcu,770 Holmberg Center
595,27/04/2026,nulla nisl,75836 5th Avenue
596,08/12/2024,etiam faucibus cursus urna,20 Butternut Terrace
597,31/03/2021,sem duis,34 Elka Point
598,31/05/2025,congue etiam,31 Pennsylvania Way
599,05/01/2021,dui maecenas tristique,72 Browning Junction
600,17/05/2020,suspendisse potenti in eleifend,3000 Victoria Place
601,01/04/2026,pede ullamcorper augue,61 Debs Avenue
602,25/03/2018,turpis donec,6813 Grasskamp Alley
603,26/08/2024,nulla tempus,39834 Rowland Circle
604,17/06/2025,lacus at turpis,6 Park Meadow Street
605,01/11/2022,volutpat eleifend donec,02390 Gulseth Junction
606,07/07/2022,justo nec condimentum,27 Alpine Lane
607,30/08/2021,vel augue,930 Twin Pines Parkway
608,25/02/2024,orci vehicula,58858 Lawn Circle
609,16/08/2021,varius integer,7 Almo Circle
610,18/05/2026,eros viverra,0111 Heffernan Court
611,26/09/2029,fusce posuere felis,7409 6th Way
612,11/07/2020,lacus at,398 Lyons Terrace
613,07/03/2022,aliquet maecenas leo odio,05 Brentwood Plaza
614,31/07/2019,at ipsum ac,4 Onsgard Drive
615,25/05/2026,consectetuer adipiscing elit proin,720 Mosinee Way
616,09/03/2019,pede ullamcorper augue a,085 Toban Trail
617,18/09/2022,tempus sit,7 Warbler Park
618,07/12/2026,tincidunt lacus,2824 Merrick Way
619,29/12/2019,volutpat convallis morbi,3777 Harper Crossing
620,30/08/2019,venenatis tristique fusce congue,3 Burning Wood Street
621,25/06/2028,congue elementum in,889 Wayridge Plaza
622,02/06/2020,aliquam quis turpis,434 Pleasure Place
623,24/08/2019,blandit ultrices enim lorem,1 Summer Ridge Way
624,16/01/2020,ac tellus semper,70 Chinook Street
625,30/10/2025,quam suspendisse potenti,519 Dakota Center
626,03/12/2022,massa volutpat convallis morbi,9300 Logan Drive
627,21/04/2018,suspendisse potenti nullam porttitor,1 Larry Alley
628,28/10/2021,fermentum donec ut,651 Vernon Drive
629,08/06/2027,turpis eget elit sodales,11 Nova Way
630,16/08/2026,elementum pellentesque quisque,1 Arapahoe Plaza
631,17/12/2028,et tempus,64 Anthes Street
632,16/02/2024,consectetuer adipiscing elit proin,85141 Eastlawn Circle
633,28/07/2018,amet eleifend pede,0 Moland Crossing
634,02/12/2024,est phasellus,3663 Valley Edge Alley
635,26/08/2023,vel pede,1 Waywood Road
636,12/07/2027,lobortis ligula,91435 Hollow Ridge Crossing
637,30/04/2021,lorem integer,66860 Debs Plaza
638,08/08/2029,luctus tincidunt nulla mollis,26 Shelley Center
639,27/11/2024,in consequat ut nulla,90 Stephen Junction
640,01/11/2029,massa tempor,40561 Dovetail Pass
641,15/08/2022,vestibulum sagittis,0 Gina Alley
642,19/04/2025,cras pellentesque,41760 Mesta Court
643,14/12/2019,pretium nisl ut volutpat,37316 Stoughton Trail
644,17/08/2019,porttitor lorem id,2383 Russell Crossing
645,22/07/2027,id luctus nec,90 Reindahl Hill
646,25/07/2025,est et tempus,241 Corry Court
647,23/12/2027,ipsum integer a nibh,07627 Algoma Court
648,17/05/2018,eu nibh,0 Ryan Parkway
649,25/08/2020,id ligula suspendisse,72 Loeprich Pass
650,25/11/2025,turpis enim,02 Mesta Way
651,23/08/2022,habitasse platea dictumst,873 Briar Crest Court
652,28/06/2020,vestibulum aliquet ultrices,0 Birchwood Hill
653,27/07/2028,luctus rutrum nulla tellus,88730 Manley Lane
654,04/04/2025,augue vel accumsan tellus,008 Logan Parkway
655,14/05/2029,erat volutpat,76 Blackbird Court
656,26/11/2020,nullam orci pede,50 Green Parkway
657,13/08/2023,ridiculus mus etiam vel,9 Butterfield Point
658,07/03/2018,quam sollicitudin vitae consectetuer,1183 Crescent Oaks Court
659,24/10/2029,luctus et,3736 Vera Pass
660,15/07/2018,proin at,1 Stang Trail
661,29/04/2028,in sagittis dui,0209 Saint Paul Hill
662,24/05/2025,imperdiet nullam orci pede,629 Basil Crossing
663,18/01/2027,leo odio porttitor,3 Dawn Way
664,10/10/2026,libero ut,804 Fieldstone Pass
665,14/05/2028,justo etiam pretium iaculis,715 Dunning Plaza
666,18/09/2023,quis tortor id,0 Bluestem Lane
667,08/09/2022,phasellus id sapien,306 Scott Court
668,25/03/2028,faucibus accumsan odio curabitur,2 Knutson Hill
669,29/08/2023,integer a nibh in,3954 Porter Court
670,16/01/2027,platea dictumst morbi vestibulum,8084 Badeau Circle
671,17/05/2021,molestie hendrerit at,5916 Hayes Alley
672,13/09/2023,ligula vehicula,05 Village Drive
673,25/12/2021,pharetra magna,0386 Mesta Street
674,04/06/2020,faucibus orci luctus,50 Reinke Junction
675,12/06/2028,sit amet,644 Veith Park
676,13/04/2020,lorem integer tincidunt,425 Lake View Way
677,30/01/2019,tincidunt ante vel,49078 Rigney Alley
678,30/03/2025,nullam porttitor lacus,784 Manufacturers Avenue
679,13/06/2029,ultrices vel augue vestibulum,36 Kenwood Point
680,27/07/2027,leo pellentesque ultrices,30717 Crownhardt Pass
681,29/08/2022,at lorem,03 Declaration Street
682,08/11/2027,ante vestibulum,425 Pine View Point
683,15/06/2028,volutpat eleifend,44 Karstens Alley
684,21/10/2018,nibh in hac,3 Beilfuss Plaza
685,21/08/2023,et magnis,50 Schiller Drive
686,11/10/2021,nulla dapibus dolor vel,40 Oak Valley Court
687,12/05/2023,erat fermentum,48813 Golf View Place
688,10/03/2024,pellentesque ultrices,57239 Del Sol Plaza
689,25/04/2029,porttitor lorem id,5036 Texas Circle
690,21/10/2028,quis orci eget,74 Killdeer Junction
691,14/04/2019,ridiculus mus etiam,054 Blue Bill Park Alley
692,09/06/2020,nonummy integer non velit,5 Sommers Street
693,08/12/2019,luctus rutrum,0 Pearson Point
694,25/12/2018,turpis donec posuere metus,1 Loeprich Road
695,11/01/2026,nonummy integer non velit,03 Kim Circle
696,19/03/2024,ligula in lacus curabitur,772 Buhler Lane
697,17/03/2023,faucibus accumsan odio curabitur,5 Cardinal Trail
698,25/03/2022,tortor sollicitudin,067 Armistice Court
699,22/05/2024,eget massa tempor convallis,47 Loftsgordon Alley
700,10/10/2018,lectus suspendisse,8245 Menomonie Terrace
701,18/10/2028,turpis elementum ligula vehicula,465 Marquette Road
702,24/04/2023,at nibh,090 Fulton Trail
703,22/03/2024,vel dapibus at,6717 Pennsylvania Trail
704,13/07/2020,lorem id ligula suspendisse,9034 Maple Wood Place
705,06/01/2024,integer ac,1 Redwing Lane
706,17/01/2021,nulla mollis,44499 Rowland Lane
707,06/05/2026,blandit lacinia erat,987 Mcguire Pass
708,10/04/2023,eget eleifend luctus ultricies,3978 Pine View Road
709,07/06/2027,pellentesque quisque porta volutpat,278 Victoria Pass
710,23/02/2021,sed ante,0 Menomonie Street
711,16/09/2018,non mattis,67466 Ruskin Park
712,28/06/2028,nulla mollis,54 8th Lane
713,31/05/2020,accumsan tortor quis,6 Mesta Drive
714,18/07/2028,adipiscing elit proin,66 Bashford Avenue
715,04/12/2021,duis bibendum,78353 Brickson Park Way
716,21/08/2020,vel accumsan tellus,8560 Myrtle Circle
717,23/04/2029,dictumst morbi vestibulum velit,9 Dorton Court
718,06/03/2029,aliquet maecenas,14 Springview Hill
719,29/01/2022,congue risus semper porta,9 Summer Ridge Parkway
720,27/09/2018,nisl duis bibendum,636 Butternut Place
721,15/01/2026,mus vivamus vestibulum sagittis,927 Hintze Drive
722,03/12/2024,consequat in consequat,6 Old Gate Drive
723,12/05/2020,vestibulum sit amet cursus,1999 Maple Wood Trail
724,19/08/2028,dapibus dolor,80 Stephen Court
725,11/06/2021,molestie sed justo pellentesque,448 Spohn Park
726,30/03/2027,mi pede malesuada,88 Glacier Hill Pass
727,20/12/2026,ut mauris eget,81 Erie Park
728,24/06/2028,neque aenean,58078 Warbler Road
729,10/08/2023,elementum nullam,8 Coleman Drive
730,22/05/2023,semper interdum mauris ullamcorper,4461 Jenifer Hill
731,21/09/2028,venenatis non sodales sed,607 Hanson Pass
732,06/05/2022,eu interdum,7339 Shasta Center
733,10/02/2019,pellentesque ultrices phasellus,98677 Westridge Junction
734,21/06/2020,in est risus,71 Sugar Circle
735,28/05/2029,in congue,9 Lake View Court
736,23/11/2020,curae duis,08523 Linden Circle
737,11/05/2018,odio elementum eu,79 Ruskin Avenue
738,16/06/2026,vulputate elementum nullam varius,605 Autumn Leaf Center
739,05/10/2018,consectetuer adipiscing,2685 Anzinger Hill
740,18/06/2025,justo sollicitudin ut suscipit,120 Pine View Center
741,26/02/2028,sapien dignissim vestibulum vestibulum,2082 John Wall Street
742,10/02/2024,est quam pharetra magna,1580 Scott Street
743,08/01/2027,nisi nam ultrices,328 Raven Avenue
744,31/03/2026,eleifend pede libero quis,2 Talmadge Terrace
745,30/07/2024,et ultrices,36672 Village Place
746,15/09/2021,accumsan felis ut,4137 Kenwood Center
747,29/09/2020,morbi porttitor lorem,39229 Mifflin Street
748,16/07/2018,sed accumsan felis ut,6 Hooker Plaza
749,23/02/2028,aenean sit amet justo,324 Gale Plaza
750,04/05/2026,ante ipsum primis in,00468 Vernon Alley
751,06/07/2024,leo rhoncus sed vestibulum,1 Oriole Way
752,14/02/2021,dis parturient,1284 Kim Junction
753,12/09/2026,mauris lacinia sapien quis,28 Goodland Avenue
754,22/01/2023,cras pellentesque volutpat,41487 Division Junction
755,19/03/2025,justo pellentesque viverra,68 Roth Park
756,28/06/2025,dignissim vestibulum vestibulum,6 Kenwood Road
757,03/10/2026,aliquet ultrices erat,658 Sherman Plaza
758,30/08/2024,commodo placerat praesent blandit,7770 Laurel Court
759,14/07/2018,a libero,58302 Prairieview Junction
760,10/02/2019,donec quis orci eget,612 Marcy Circle
761,25/06/2024,vestibulum rutrum,33 Kingsford Way
762,20/08/2027,aenean fermentum donec,20110 Ronald Regan Court
763,05/07/2025,id mauris vulputate elementum,45213 Carey Lane
764,21/04/2021,vitae quam,1 Victoria Lane
765,28/12/2023,id justo,57085 Glendale Pass
766,22/12/2029,donec posuere metus vitae,89161 Shoshone Drive
767,23/08/2028,in sapien iaculis,13 Rowland Drive
768,26/07/2020,semper est quam pharetra,20 Transport Park
769,19/07/2018,sit amet lobortis sapien,285 Loomis Park
770,21/07/2026,sed magna,386 Artisan Drive
771,29/04/2023,id consequat,89407 Sutteridge Alley
772,21/02/2020,lobortis sapien sapien non,8584 Pawling Center
773,16/09/2028,scelerisque mauris sit,4 Bowman Point
774,04/09/2028,quis turpis,70907 Warbler Center
775,28/02/2025,justo etiam pretium iaculis,33802 Farwell Street
776,22/09/2021,in libero ut,83 Oxford Circle
777,31/03/2018,morbi quis,95582 Gina Parkway
778,12/05/2028,nam congue risus,7110 Fieldstone Trail
779,30/06/2021,dui proin leo,8 Kenwood Pass
780,15/08/2020,non mattis pulvinar,61 Alpine Place
781,28/11/2022,magnis dis,4255 Melody Park
782,05/05/2027,metus vitae,92843 Maple Lane
783,02/10/2027,consequat ut,6 Warbler Drive
784,20/10/2022,non sodales sed tincidunt,09 Scofield Pass
785,16/08/2024,vestibulum ante ipsum,9 Kinsman Parkway
786,16/06/2018,ante vivamus tortor,04810 Buell Center
787,01/04/2020,eget tempus,0036 Service Road
788,13/07/2021,nulla integer pede justo,85010 Barby Pass
789,09/04/2029,odio curabitur convallis,5420 Miller Circle
790,21/03/2019,vestibulum vestibulum,3368 Lillian Crossing
791,30/04/2027,congue eget,272 Bluejay Way
792,13/10/2019,aliquam sit amet diam,2239 Carpenter Alley
793,11/02/2018,morbi vestibulum velit id,81 Meadow Ridge Avenue
794,18/04/2021,ut volutpat sapien arcu,084 Marcy Point
795,14/03/2021,primis in,06 Pierstorff Place
796,10/10/2024,mattis pulvinar nulla,286 Birchwood Street
797,05/05/2020,ac nulla,5 Dixon Center
798,21/11/2019,ultrices vel,66661 Schmedeman Park
799,11/12/2022,sed vestibulum sit,0912 Hintze Court
800,25/07/2026,penatibus et magnis dis,39 Onsgard Crossing
801,25/03/2025,libero rutrum,926 Morning Alley
802,28/04/2025,risus dapibus augue vel,7 Washington Circle
803,17/04/2027,nec condimentum neque sapien,97 Old Gate Lane
804,11/07/2027,praesent blandit,68417 Service Park
805,10/08/2020,dictumst morbi vestibulum,8334 Cardinal Drive
806,05/09/2028,nisi venenatis tristique fusce,1750 Graedel Lane
807,02/03/2028,nulla dapibus dolor,34 Mayer Trail
808,29/01/2029,varius integer,7 Delladonna Alley
809,28/11/2026,eros vestibulum ac,8806 Hovde Crossing
810,25/03/2018,lorem ipsum,4 Orin Avenue
811,10/11/2024,eget orci,42083 Anhalt Alley
812,29/09/2027,diam nam,22281 Clyde Gallagher Center
813,16/05/2027,cras in purus,8 Myrtle Place
814,11/12/2020,quisque ut erat curabitur,0665 West Crossing
815,13/03/2027,in faucibus orci luctus,7906 Barby Place
816,03/07/2022,lectus in quam fringilla,4 Mitchell Crossing
817,12/05/2021,nisi at nibh in,724 Algoma Way
818,26/05/2019,justo in,997 American Ash Junction
819,17/04/2028,velit eu,908 Stang Circle
820,04/09/2018,vestibulum ac est,48 Gulseth Trail
821,11/02/2028,eget semper,5 Lien Road
822,26/09/2029,nam congue risus semper,34701 Garrison Center
823,17/08/2022,libero rutrum ac lobortis,58452 Reinke Way
824,07/08/2022,sed tincidunt eu felis,96431 Weeping Birch Junction
825,19/02/2027,platea dictumst etiam faucibus,7 Corben Road
826,04/09/2022,ut rhoncus,1680 Marcy Way
827,06/09/2019,accumsan felis,33987 Lyons Road
828,22/03/2025,semper porta volutpat,65816 Heffernan Parkway
829,28/08/2019,aenean fermentum donec ut,8 Drewry Pass
830,24/10/2029,eros vestibulum,675 Porter Junction
831,14/12/2027,id pretium iaculis,78 Weeping Birch Trail
832,27/02/2029,congue diam id,299 Dunning Plaza
833,26/01/2025,aenean sit amet justo,399 John Wall Circle
834,15/09/2024,ipsum primis in,370 Reindahl Street
835,07/08/2027,ac tellus,9444 Goodland Crossing
836,27/02/2018,non mattis pulvinar,231 Toban Junction
837,09/02/2020,at vulputate,8741 Armistice Alley
838,09/06/2018,justo in,6101 Tennyson Drive
839,31/03/2029,integer non,1 Pepper Wood Center
840,03/06/2021,vel augue vestibulum,954 Everett Avenue
841,08/05/2029,est et tempus,3659 Colorado Lane
842,26/01/2026,praesent lectus,566 Hanover Trail
843,30/04/2025,non pretium quis lectus,275 Mifflin Way
844,14/04/2029,curae mauris viverra diam,201 Reinke Pass
845,18/11/2026,tempor turpis nec euismod,7 Little Fleur Center
846,08/04/2023,commodo placerat,543 Dexter Point
847,21/02/2024,nulla ultrices aliquet maecenas,16931 Ramsey Park
848,18/09/2020,et ultrices posuere cubilia,5202 Waxwing Center
849,10/08/2029,eleifend luctus ultricies,2459 Golf Course Drive
850,06/11/2024,vel lectus in,9 Springview Parkway
851,05/01/2019,nullam porttitor,0522 Schurz Crossing
852,27/10/2020,donec ut dolor,396 Weeping Birch Pass
853,17/01/2019,luctus rutrum nulla tellus,4209 Grim Point
854,05/08/2025,vulputate justo in blandit,223 Morning Place
855,26/09/2029,orci eget orci vehicula,8 Aberg Pass
856,28/11/2018,sit amet nulla quisque,1 Hanson Street
857,12/02/2028,augue aliquam,7622 Thierer Road
858,15/05/2020,maecenas ut,9304 Main Parkway
859,03/09/2022,vestibulum ante ipsum primis,97 Straubel Junction
860,18/03/2025,elit proin,503 6th Hill
861,04/02/2019,augue vestibulum rutrum rutrum,1609 Hooker Avenue
862,12/09/2029,non ligula pellentesque,6590 Cordelia Place
863,25/08/2021,faucibus orci luctus et,96403 Crownhardt Trail
864,18/04/2019,nunc purus phasellus,9 Texas Crossing
865,29/03/2029,ligula pellentesque,86 Lunder Junction
866,08/11/2018,dolor sit amet consectetuer,11 Lien Court
867,28/05/2019,justo morbi,2674 Kedzie Center
868,11/09/2029,purus aliquet,72 Declaration Street
869,14/02/2018,curae duis,66389 Thackeray Parkway
870,06/01/2025,ornare imperdiet sapien,136 Jenna Junction
871,08/04/2018,arcu sed augue,06184 Ridgeview Junction
872,17/08/2023,hac habitasse,3056 Katie Avenue
873,15/09/2023,dictumst aliquam augue,84865 Arrowood Point
874,19/11/2023,nibh ligula nec,83567 Lukken Pass
875,07/10/2024,ultrices libero non,11509 Vermont Place
876,06/05/2027,ante ipsum primis,400 Melrose Plaza
877,26/07/2022,eu felis fusce posuere,6 Mendota Drive
878,09/07/2021,mauris eget,04978 Declaration Trail
879,16/04/2028,tortor quis turpis sed,58221 Roxbury Park
880,11/01/2020,integer pede justo lacinia,5473 Sutteridge Plaza
881,24/04/2027,nulla facilisi,0319 Starling Junction
882,12/05/2019,erat fermentum,749 Lukken Plaza
883,19/07/2026,imperdiet nullam orci,095 Manitowish Alley
884,27/06/2018,molestie hendrerit,2642 Merry Avenue
885,09/02/2028,ultrices phasellus id sapien,89 Melvin Point
886,17/08/2022,nascetur ridiculus mus etiam,3532 Sachs Crossing
887,14/12/2020,arcu libero rutrum ac,5 Logan Court
888,12/03/2019,lectus in quam fringilla,4285 Straubel Terrace
889,02/11/2018,tortor sollicitudin mi,3 Arkansas Plaza
890,25/05/2029,libero ut massa,86 Larry Park
891,06/11/2022,orci luctus et ultrices,3279 Lotheville Lane
892,30/08/2018,at vulputate vitae,54227 Cottonwood Road
893,05/05/2018,quam suspendisse,907 Banding Way
894,25/01/2021,fermentum donec ut,6 Homewood Road
895,12/09/2024,augue vestibulum,1 Meadow Valley Lane
896,06/08/2027,ac leo,50680 Shelley Road
897,16/11/2025,lectus aliquam sit,9 Vernon Park
898,19/12/2024,vestibulum vestibulum,631 Menomonie Avenue
899,14/04/2018,consequat in consequat,0 Farragut Pass
900,02/10/2019,morbi non lectus aliquam,558 Onsgard Place
901,07/01/2023,et magnis,5077 Sachs Place
902,18/05/2029,gravida sem praesent,8170 3rd Circle
903,19/11/2024,id nisl,2194 Russell Trail
904,15/11/2018,in quis justo maecenas,11324 Cardinal Hill
905,30/06/2027,mauris laoreet,32 South Court
906,13/11/2026,tristique tortor,18 Old Gate Center
907,13/06/2027,viverra eget,6348 Northport Court
908,27/09/2020,ac leo,21494 2nd Park
909,28/04/2018,cubilia curae,00793 Jenna Hill
910,09/01/2023,odio donec,7447 Mandrake Court
911,18/02/2020,a nibh in,67 Clemons Road
912,11/09/2020,nulla ac enim in,71057 Loeprich Place
913,17/08/2024,dui nec nisi volutpat,2149 Summer Ridge Point
914,07/02/2028,lacus curabitur at,62182 Gulseth Parkway
915,29/05/2022,blandit ultrices enim lorem,02154 Nobel Terrace
916,13/03/2025,bibendum morbi non quam,97 Pankratz Avenue
917,28/10/2022,id luctus,711 Melvin Parkway
918,26/03/2022,mi in porttitor pede,7 Coleman Park
919,29/08/2026,id nulla,431 Mariners Cove Point
920,20/07/2018,quis odio,0 Porter Road
921,01/11/2020,mattis odio,9 Lotheville Point
922,26/11/2018,non lectus aliquam sit,85 Mariners Cove Point
923,18/07/2026,placerat ante nulla justo,57907 Grover Terrace
924,06/10/2022,id lobortis,4 Holy Cross Pass
925,05/12/2026,nascetur ridiculus,42298 Independence Center
926,22/02/2021,justo eu massa donec,6 Schiller Way
927,29/10/2021,ridiculus mus,74766 Express Lane
928,17/04/2024,consectetuer eget,4519 Lake View Street
929,03/10/2018,ut tellus nulla ut,31442 Vahlen Way
930,14/12/2020,volutpat quam pede,1305 Harper Terrace
931,26/01/2027,sapien urna pretium,63 Schlimgen Point
932,16/06/2025,odio porttitor id consequat,556 Pine View Center
933,09/06/2024,vestibulum quam sapien varius,0698 Forest Dale Place
934,01/12/2019,pretium iaculis diam erat,76674 Lunder Point
935,16/09/2018,lectus in est risus,48 Anderson Place
936,15/10/2023,eleifend quam,431 Bluejay Crossing
937,24/12/2018,convallis nunc proin,03 Barnett Court
938,05/01/2025,vestibulum proin eu,40498 Dahle Trail
939,25/01/2025,in magna,855 1st Place
940,25/02/2024,posuere cubilia curae mauris,43 Village Green Center
941,22/02/2020,sed nisl nunc,74 Stang Terrace
942,11/07/2021,ac lobortis vel,49098 Hoffman Avenue
943,12/01/2024,consequat in consequat,7 Banding Hill
944,03/09/2021,vulputate elementum nullam varius,6232 School Terrace
945,02/08/2025,mauris vulputate elementum nullam,01736 Haas Circle
946,23/10/2018,amet eleifend pede libero,1 Trailsway Center
947,14/03/2018,in hac habitasse,67 Granby Parkway
948,22/04/2021,in quis,602 Bay Road
949,20/08/2025,ac nulla sed vel,152 Garrison Center
950,30/04/2018,est quam,671 Holy Cross Junction
951,23/10/2018,ac lobortis vel,4 Jana Alley
952,07/04/2023,magnis dis,2 Fuller Way
953,04/09/2025,maecenas tincidunt lacus at,64284 Fairfield Plaza
954,06/05/2021,sollicitudin mi sit,0 Prairie Rose Parkway
955,08/10/2026,arcu adipiscing molestie,43803 Randy Lane
956,29/12/2022,rutrum neque aenean,534 Sunfield Terrace
957,04/12/2029,nunc nisl,0 Karstens Drive
958,17/09/2025,viverra pede ac diam,7 Melby Way
959,18/12/2027,amet diam in magna,5 Paget Road
960,28/10/2028,sapien dignissim,59 Iowa Alley
961,06/11/2019,vitae nisi nam ultrices,31630 Maple Wood Lane
962,14/03/2025,justo pellentesque viverra pede,8355 Hanover Crossing
963,19/04/2028,suscipit a feugiat et,37679 Melrose Plaza
964,17/09/2029,orci nullam,85 Paget Court
965,25/12/2023,nulla neque libero convallis,138 Oxford Place
966,05/07/2025,nibh in quis justo,02 Towne Avenue
967,21/02/2025,et ultrices posuere,789 Schmedeman Plaza
968,09/05/2022,mauris viverra diam,998 Mandrake Court
969,12/11/2023,magna ac,14 Pleasure Junction
970,31/12/2019,sit amet diam,3974 Bowman Street
971,14/01/2026,ipsum aliquam,04043 Vera Parkway
972,22/04/2022,donec pharetra,24 Reindahl Drive
973,25/07/2027,in faucibus orci,7 Anzinger Parkway
974,21/01/2021,nisl nunc rhoncus dui,63762 Commercial Road
975,01/10/2024,curabitur gravida,3864 Quincy Crossing
976,08/10/2025,proin risus,2851 Village Park
977,19/05/2020,nibh in hac,96 Sheridan Terrace
978,11/12/2021,in tempus,1 Bartillon Circle
979,06/03/2025,lobortis sapien sapien,30269 Sundown Avenue
980,22/10/2027,ultrices posuere cubilia curae,9 Atwood Street
981,25/10/2020,lorem integer,7510 Armistice Junction
982,11/04/2028,dictumst morbi vestibulum,109 Colorado Place
983,11/01/2020,massa quis augue,341 Schmedeman Court
984,17/07/2018,turpis sed,297 Summerview Place
985,13/06/2021,leo rhoncus sed,45 Laurel Court
986,02/07/2022,vivamus vel nulla eget,69 Pepper Wood Court
987,10/05/2028,eu felis fusce,56227 Basil Lane
988,21/02/2026,dui nec nisi volutpat,79 Glendale Road
989,30/07/2027,lacus at,9 7th Point
990,02/09/2027,integer ac,4169 Roxbury Point
991,03/10/2018,accumsan tortor,4955 Heath Avenue
992,28/02/2028,donec quis orci eget,49 Talisman Street
993,10/06/2024,ipsum primis in,145 Troy Plaza
994,25/01/2025,odio cras mi,55 Buhler Plaza
995,07/04/2022,erat tortor sollicitudin mi,833 Melody Junction
996,20/07/2022,diam in magna,1 Sauthoff Lane
997,29/08/2021,nisl duis ac nibh,2173 Tennessee Park
998,19/01/2022,neque aenean auctor gravida,2 North Circle
999,17/02/2018,morbi ut odio cras,743 Maywood Circle
1000,15/06/2020,nulla ac,14719 Clove Crossing
