id,city,postal_code,address
1,Landerneau,29411 CEDEX,7080 Linden Center
2,Hronov,549 31,097 Mariners Cove Pass
3,Banī Khallād,,083 Meadow Ridge Park
4,Cortiços,4745-616,48 Sloan Crossing
5,Hưng Nguyên,,08 Bowman Avenue
6,Kut Chum,18190,4962 Fordem Trail
7,Pont-Rouge,G3H,5 Delladonna Court
8,Khasht’arrak,,405 Bartelt Pass
9,Täby,183 77,26 Petterle Pass
10,Soio,,567 Hanover Way
11,Jam,,75789 Mccormick Trail
12,Xekar,,337 Kropf Hill
13,Zhoushan,,76 Tomscot Parkway
14,Cicapar,,28927 Karstens Crossing
15,Francova Lhota,756 14,9 Bunting Trail
16,Dayuanhuizu,,50 Scoville Drive
17,Pruchnik,37-560,0 Petterle Junction
18,Sabang,4110,26954 Dottie Point
19,Yaroslavl,353827,8 Muir Street
20,Jawand,,0004 Carpenter Junction
21,Mayo,6813,5 8th Road
22,Vila do Bispo,8650-409,58 School Avenue
23,Kuala Lumpur,50546,7065 Grim Road
24,Hats’avan,,66 Barnett Plaza
25,Panimbang,,11762 Fallview Terrace
26,General Lavalle,7103,6 Bay Road
27,San Francisco,8501,6244 Novick Way
28,Wuduhe,,816 Logan Avenue
29,Concepcion,7213,4 Brickson Park Parkway
30,Horana South,12440,38127 Mcguire Avenue
31,Kaduluhur,,09 Atwood Alley
32,Sąspów,32-082,9 Banding Center
33,Shouyan,,3210 Mariners Cove Avenue
34,Ochakovo-Matveyevskoye,249028,1 Ronald Regan Center
35,Causwagan,1709,65714 Cherokee Junction
36,Clonskeagh,D04,152 Scott Court
37,Qishui,,30511 Magdeline Crossing
38,Granada,252257,1658 Mayer Park
39,Le Havre,76600,2233 Heffernan Terrace
40,Dujuuma,,020 Rockefeller Road
41,Cértegui,272027,22951 Grover Street
42,Kentville,B4N,40976 Monterey Drive
43,Kostino,613060,3524 Dottie Pass
44,Golubinci,,5 Nova Avenue
45,Dabu,,84077 Blackbird Terrace
46,Dandu,,3 Ronald Regan Avenue
47,Suruhan,,77681 Spohn Trail
48,Orizari,2302,381 Ludington Lane
49,Naas,W91,4 Fair Oaks Lane
50,San Nicolas,4207,2204 Caliangt Avenue
51,Longxi,,75805 Cherokee Pass
52,Cariamanga,,41 Springs Plaza
53,Asaita,,9 Stoughton Place
54,Gexi,,273 Hoard Point
55,Karabash,423229,74798 North Lane
56,Nantes,44335 CEDEX 3,6 Hanover Avenue
57,Yekaterinovka,692974,40897 Helena Alley
58,Villavicencio,500017,56166 East Parkway
59,Sambong,,6 Ronald Regan Parkway
60,Gasa,,610 Eagle Crest Drive
61,Salimbao,1067,522 Armistice Plaza
62,Banjar Susut Kaja,,84278 Brentwood Park
63,Beitai,,53324 Michigan Point
64,La Esperanza,95590,16 Hooker Park
65,Betong,,098 Bobwhite Pass
66,Banjar Brahmanabukit,,8089 Buhler Crossing
67,Cincinnati,45249,27003 Kings Way
68,Gainesville,32627,84 Londonderry Junction
69,Banana Village,,0567 Elka Avenue
70,Canchaque,,4616 Mandrake Court
71,Wuyang,,4 Lukken Parkway
72,Studená,331 41,0358 Bashford Way
73,Shibīn al Qanāţir,,12859 International Drive
74,Panambi,98280-000,19633 Stone Corner Trail
75,Cikulahan,,35557 Hooker Parkway
76,Roanoke,24034,01375 Sachs Parkway
77,Tawen Aobao,,08 Columbus Avenue
78,Tajinan,,24895 Nelson Parkway
79,Yerofey Pavlovich,676000,130 Bluestem Terrace
80,Kristinehamn,681 84,82 Everett Way
81,Boevange-sur-Attert,L-8711,8049 Vera Plaza
82,Pithári,,12 Bluejay Way
83,Mādabā,,9900 Judy Road
84,Cueto,,8 Buhler Parkway
85,Santa Maria,25903,69473 7th Circle
86,Yangyuan,,135 Sunbrook Avenue
87,Yangji,,3380 Mesta Point
88,Ovsyanka,663083,78734 Dawn Street
89,Qīr Moāv,,9623 Weeping Birch Street
90,Uspenka,,9 Pond Road
91,Lincheng,,911 Hallows Road
92,Jampang Tengah,,77698 Eagan Center
93,Cikole,,840 Paget Drive
94,Muro,4620-620,37399 Brentwood Terrace
95,Banjarsari,,8 Prairieview Road
96,Wujiayao,,78939 Glacier Hill Parkway
97,An Châu,,3275 Hagan Lane
98,Přimda,348 06,506 Packers Hill
99,Digne-les-Bains,04004 CEDEX,3880 Loomis Terrace
100,Puolanka,89201,83 Armistice Lane
101,El Nido,5313,71 Haas Center
102,Vittoriosa,ZTN,65915 Fieldstone Road
103,Laliki,04-358,40643 Linden Road
104,Muting,,3507 Eastlawn Avenue
105,Fengqiao,,8 Coleman Junction
106,Yangdian,,63 Daystar Street
107,Smętowo Graniczne,83-230,39 Chive Park
108,Markala,,37 Stuart Road
109,Changshengqiao,,66 Karstens Alley
110,Gandong,,9 Goodland Street
111,Leping,,5341 Hanson Pass
112,Leluo,,61 Longview Crossing
113,Ogurugu,,8 Mcguire Circle
114,Sukadana,,73188 Anthes Crossing
115,Štítná nad Vláří,763 33,53 Hollow Ridge Lane
116,Kurchatov,307251,1 Nancy Center
117,Obrera,96370,144 Nancy Park
118,Jiangjiazui,,1 Hazelcrest Parkway
119,Magtangol,1114,7720 Pennsylvania Trail
120,Ystad,271 51,33831 Del Mar Trail
121,Ukhta,169309,92408 2nd Place
122,Mingshan,,7737 Chive Plaza
123,Ezhou,,7760 East Hill
124,Périgueux,24004 CEDEX,9 Cordelia Way
125,Al Maḩallah al Kubrá,,627 Lakeland Street
126,Leuwibuleud,,4 Pepper Wood Alley
127,Wangda,,57 School Alley
128,Panimbang,,3 Northport Trail
129,San José El Ídolo,10030,13827 Marcy Hill
130,Dahu,,74 Schurz Park
131,Dahua,,7229 Mcbride Way
132,Peñal,,305 Burning Wood Point
133,Naebugis,,7493 Saint Paul Drive
134,Matsubara,999-0606,01 International Trail
135,Banjar Dharmasemedi,,0584 Oxford Center
136,Janów,42-253,458 Troy Avenue
137,Espinal,733529,7 Drewry Crossing
138,Talavera,3114,41301 Union Terrace
139,Bastia,20292 CEDEX,2150 Hauk Parkway
140,Cigaleuh Kulon,,12 Maple Junction
141,Kasangulu,,47 Petterle Hill
142,El Pino,,89396 Starling Lane
143,Kotingnatagete,,2752 Trailsway Alley
144,Chuarrancho,01061,9539 Basil Street
145,Hostavice,198 00,4 Iowa Crossing
146,Jiaoyang,,2 Transport Trail
147,Stockholm,113 90,591 Rutledge Lane
148,Nyahururu,,3165 3rd Alley
149,Māymay,,1939 Messerschmidt Parkway
150,Watodei,,77 Blue Bill Park Point
151,Tabia,,1245 Weeping Birch Street
152,Tangxia,,8 Forest Pass
153,Shangtianba,,17359 Spenser Plaza
154,Novaya Igirma,665684,507 Forest Dale Plaza
155,Lewobelek,,8958 Buena Vista Park
156,Langley,SG4,5263 Ridge Oak Drive
157,Blagoveshchensk,453430,36662 Dexter Way
158,Mizunami,957-0048,988 Glendale Pass
159,Berber,,84106 Thierer Junction
160,Kafir Qala,,2 Norway Maple Alley
161,Gaxung,,20 7th Road
162,La Paz,8508,14637 Summit Circle
163,Molsheim,67124 CEDEX,67 Fisk Crossing
164,Princeton,V6V,941 Fieldstone Plaza
165,Putrajaya,62150,63160 Bonner Plaza
166,Siderejo,,4982 Sommers Way
167,Sanjiang,,16 Lakeland Drive
168,Slavyanovo,5840,745 Starling Way
169,Krajan Dua Padomasan,,04 Summer Ridge Court
170,Pailitas,204007,2 Annamark Plaza
171,Dolulolong,,256 Pearson Circle
172,Kowingir,,43 Service Point
173,Cabanas de Viriato,3430-605,95 Washington Center
174,Kizlyar,363720,61137 Coleman Place
175,Aracati,62800-000,9810 Green Ridge Drive
176,Çlirim,,003 Ryan Road
177,Pongkor,,4 Mcbride Avenue
178,Garden Grove,92844,522 Hazelcrest Way
179,Horní Bříza,330 12,805 David Place
180,El Matama,,905 Fair Oaks Parkway
181,Vila Chã,4485-518,777 Moland Lane
182,Sulop,8009,4266 Nelson Plaza
183,Zhdanov,,9810 Green Terrace
184,Barotac Nuevo,1045,449 Hayes Hill
185,Parnamirim,56163-000,19 Claremont Lane
186,Tsagaan-Owoo,,27612 Dixon Crossing
187,Sapataria,2590-431,1649 Kim Parkway
188,Gaoyan,,01 Grim Pass
189,Avon,77214 CEDEX,93840 Gale Circle
190,Zhangbang,,709 Mallard Trail
191,Twante,,7 Fuller Circle
192,Monrovia,,6811 Roxbury Drive
193,Huancheng,,50469 Kropf Street
194,Caotan,,0402 Forest Dale Pass
195,Hushan,,3557 Kingsford Terrace
196,Banjar Dauhmargi,,0193 Maryland Way
197,Malekān,,74 Pine View Lane
198,Hisings Kärra,425 33,8 Holmberg Way
199,Purorejo,,35552 Mandrake Lane
200,Gudang,,5 Judy Park
201,Nowe Skalmierzyce,63-460,49 Dottie Road
202,Tāngāil,3062,4607 Killdeer Point
203,Paris 10,75485 CEDEX 10,19 Lighthouse Bay Court
204,Ongi,,05793 Brown Terrace
205,Talon,,48 Maple Wood Point
206,Taiyang,,7 Mayfield Junction
207,Vacha,606168,57 Cherokee Parkway
208,El Copé,,4608 Cambridge Circle
209,Rennes,35102 CEDEX 3,466 Lighthouse Bay Crossing
210,Goubangzi,,3642 Kinsman Trail
211,Tangnan,,0 Maple Plaza
212,Jiesheng,,5 Namekagon Terrace
213,Cabuyao,4025,0988 Coleman Junction
214,Mikulovice,790 84,047 Northview Way
215,Galatás,,216 Maryland Crossing
216,Crossmolina,A98,1 Coolidge Terrace
217,Tintina,3743,76 Hanover Drive
218,Koronadal,6122,26 Forest Dale Drive
219,Donostia-San Sebastian,20010,358 Nobel Place
220,Maketu,1150,24103 Calypso Circle
221,Bonak,,1428 Reindahl Road
222,Ulyanovsk,432980,94 Northland Court
223,Thị Trấn Yên Ninh,,472 Harbort Point
224,Dalu,,3 Russell Alley
225,Leidian,,230 Hagan Road
226,Shaoha,,8 Aberg Terrace
227,København,1260,9473 Westend Avenue
228,Lenchwe Le Tau,,28614 David Avenue
229,Montepuez,,484 Loomis Park
230,Pointe-à-Pitre,97171 CEDEX,5 Nevada Way
231,Ouijjane,,66949 Chinook Center
232,Kalandagan,9802,167 Rowland Point
233,Taguisa,4706,8397 3rd Circle
234,Quinta,4980-559,0795 Roth Road
235,Marina,21222,80784 Helena Plaza
236,Kamloops,H9P,0 Anzinger Point
237,Sertânia,56600-000,00127 Ruskin Lane
238,El Hermel,,989 Union Plaza
239,Sóc Sơn,,16 Grasskamp Terrace
240,Palaiochóri,,57273 Glendale Road
241,Hexi,,26 Kenwood Hill
242,Pulian,,193 Hagan Drive
243,Taoyuan,,83 Dahle Junction
244,Klášterec nad Ohří,431 51,9 High Crossing Park
245,San Carlos de Bolívar,6550,235 Corscot Way
246,Reconquista,3560,91 Michigan Alley
247,Winangun,,994 8th Avenue
248,Bordeaux,33733 CEDEX 9,8 Clarendon Drive
249,Bijela,,0173 Hayes Crossing
250,Chiscas,151407,01 Bonner Hill
251,Bealanana,,02693 South Parkway
252,Cali,760050,61 Maple Wood Place
253,Guaíra,14790-000,637 North Alley
254,Jolo,7400,05 Declaration Trail
255,Bungalaleng,,5956 Transport Junction
256,Gominhães,4800-424,5 Norway Maple Plaza
257,Weifang,,8 Eggendart Place
258,Preobrazhenka,,223 7th Trail
259,Beipai,,4 Thompson Avenue
260,Pereira,4650-752,59902 Anthes Street
261,Christiana,2680,2 Forest Road
262,Haoguantun,,45 Fuller Trail
263,Shangjie,,1 Sachtjen Pass
264,Sidomekar,,82036 Doe Crossing Circle
265,Maru,,5019 Oak Valley Circle
266,Delcevo,2320,63731 Sugar Park
267,Paclolo,6103,6312 Warbler Circle
268,Jirkov,468 22,6 Grasskamp Plaza
269,Moyamba,,273 Bowman Center
270,Roza,456659,266 Florence Circle
271,Pamplona/Iruña,31015,05613 Fuller Junction
272,Lushuihe,,415 Browning Hill
273,Baykonyr,,17 Corscot Trail
274,Sulengwaseng,,647 Tennessee Plaza
275,Melaka,75910,53 Nevada Parkway
276,Anningqu,,0402 Clyde Gallagher Circle
277,Arenal,,09 Morrow Plaza
278,Idi Rayeuk,,6648 3rd Avenue
279,São Luiz Gonzaga,97800-000,77706 Gale Drive
280,Parchal,8400-603,2917 International Park
281,Tokyo,176-0014,805 Merchant Road
282,Bacong,6216,554 Derek Plaza
283,Panitan,5815,17368 Starling Terrace
284,Igbo-Ukwu,,5 Shoshone Crossing
285,Chiri-Yurt,366303,143 Kenwood Hill
286,Jinxiang,,87692 Merchant Parkway
287,Maao,6124,7 Kensington Terrace
288,Cherkasskoye,412954,3 Marquette Plaza
289,Langley,SG4,583 Johnson Junction
290,Yaqian,,51463 Tennyson Terrace
291,Ogōri-shimogō,754-0897,157 Riverside Center
292,Bla,,99 Village Green Center
293,Horad Rechytsa,,1 Bartillon Avenue
294,Domoni,,9281 Mccormick Place
295,Khairpur Nathan Shāh,79001,031 Monument Lane
296,Al Bīrah,,696 Express Terrace
297,Hiratachō,699-0644,39 Derek Road
298,Niu,,369 Melvin Trail
299,Santa Cruz de El Seibo,10905,44675 Victoria Place
300,El Cobre,,870 Grasskamp Parkway
301,Liangzeng,,86842 Buhler Point
302,Pingshan,,11648 Cascade Center
303,Nakhon Nayok,26120,3 Eastlawn Terrace
304,Hekou,,04 American Crossing
305,Lyon,69406 CEDEX 03,7991 Parkside Alley
306,Hongor,,2 Michigan Junction
307,Sihai,,392 Upham Drive
308,Runjin,,1 Waywood Point
309,Aguilares,4152,44157 Loftsgordon Junction
310,Richmond,9840,597 Namekagon Road
311,Gatesville,76598,4 Butterfield Center
312,Luau,,210 Walton Center
313,Huruta,,63609 Warrior Road
314,Quinipot,2505,31154 Golf View Court
315,Ulricehamn,523 90,49299 Pawling Circle
316,Patea,4545,668 Maple Pass
317,Yasothon,35000,33 Merry Court
318,Jesenice,21314,729 Columbus Junction
319,Rambouillet,78514 CEDEX,1 Helena Point
320,Kekeran,,443 Packers Avenue
321,La Concepcion,92905,1 Warbler Plaza
322,San Diego,92191,66349 Warner Pass
323,Périgueux,24053 CEDEX,57 Porter Center
324,Markaz-e Ḩukūmat-e Darwēshān,,0 Bayside Court
325,Venado Tuerto,2600,065 Calypso Hill
326,Revda,623287,20 Heffernan Point
327,Bi’r al ‘Abd,,7 Blaine Street
328,Wucun,,1387 Florence Street
329,Luotaping,,307 Stone Corner Avenue
330,Thị Trấn Mù Cang Chải,,1666 Butternut Point
331,Bancak Wetan,,855 Bonner Plaza
332,Bytkiv,,68 Hovde Way
333,Lau,2950-127,5 Shasta Pass
334,Nové Strašecí,271 01,4826 Tomscot Terrace
335,Sumberbakti,,837 Transport Way
336,Kudamatsu,745-0654,11564 Hooker Hill
337,Guamal,473029,9 Cherokee Crossing
338,Glugur Tengah,,20031 Ludington Lane
339,Lidköping,531 93,368 Miller Center
340,Lordelo,4815-014,21001 Brown Hill
341,Comrat,MD-5354,49995 Prairieview Alley
342,Knurów,44-196,38569 Beilfuss Way
343,Bernardo Larroudé,6220,938 Loomis Alley
344,Nanyanchuan,,20666 Tennyson Point
345,Asunción Mita,22005,254 Bultman Lane
346,San Agustín Acasaguastlán,02003,0977 Oak Point
347,Skrzyszów,44-348,4 Arkansas Alley
348,Tullinge,146 40,647 Reindahl Road
349,Suntar,678290,03 Sugar Alley
350,Cerme Kidul,,9094 Hoffman Crossing
351,Etten-Leur,4874,1 Independence Court
352,Gołkowice,44-341,5 Clove Parkway
353,Maogang,,66354 Arapahoe Lane
354,Askim,1808,94112 Di Loreto Park
355,Paracambi,26600-000,4 Hollow Ridge Point
356,Kronshtadt,197763,92359 Buena Vista Court
357,Krajan Waturoyo,,55029 East Way
358,Gantang,,7 Waxwing Lane
359,Hendaye,64704 CEDEX,530 Blue Bill Park Street
360,Kebonsari,,50138 Meadow Ridge Park
361,Vyatskiye Polyany,622937,7772 Loftsgordon Road
362,Dao’er,,17403 Lake View Way
363,Virginia Beach,23459,22639 3rd Hill
364,Sinjai,,83 Bluestem Alley
365,Zhanbei,,6292 Messerschmidt Way
366,Чучер - Сандево,1011,284 Russell Drive
367,Xinzhou,,82 Surrey Circle
368,Kozelets’,,0 Toban Crossing
369,Marinilla,054028,46 Rowland Center
370,Kamwenge,,64991 Barnett Junction
371,Warungbuah,,31 Muir Park
372,Parung,,17662 Superior Parkway
373,Changzhi,,98943 Everett Circle
374,Včelná,373 82,99 Walton Point
375,Kundung,,17410 Westerfield Court
376,San Mateo,3318,69 Dapin Avenue
377,Daitou,,00857 Mifflin Junction
378,Ras al-Khaimah,,8064 Swallow Drive
379,Mino,709-4306,37 Donald Alley
380,Georgīevka,,3798 Mcguire Place
381,Dolany,783 16,9 Algoma Road
382,Rietavas,90018,3883 Redwing Point
383,Kosan,,59 Shelley Plaza
384,Russeifa,,39 Westridge Place
385,Shalqīya,,9 Tony Drive
386,Shūsh,,495 Petterle Trail
387,Peruc,439 07,40 Kinsman Pass
388,Shtip,2000,62094 Upham Park
389,Velikiye Luki,182142,46 Browning Plaza
390,Zhongshanmen,,6 Manitowish Avenue
391,Xinfeng,,276 Walton Point
392,Kidal,,5 Meadow Vale Parkway
393,Guluoshan,,07 Orin Pass
394,Encontrados,,3925 Bluestem Parkway
395,San Bautista,,543 Weeping Birch Street
396,Trosa,619 35,9 Elka Crossing
397,Bojongsarung,,8005 Sunfield Court
398,Oudtshoorn,6651,1135 Hoepker Crossing
399,Chaodi,,6145 Glacier Hill Road
400,Dukuhsawah,,15468 Duke Drive
401,Cintawana,,48 Rieder Pass
402,Kertasari,,84 Golf View Circle
403,Recarei,4585-586,57 Blaine Avenue
404,Calheta,,67 Killdeer Junction
405,Datarnangka,,543 Mariners Cove Junction
406,Kasba Tadla,,62939 Westridge Lane
407,Unión,2529,791 Lillian Pass
408,Moutnice,664 55,231 Dovetail Trail
409,Zhuyu,,76 Ilene Lane
410,Al Jawādīyah,,2805 Sutherland Crossing
411,Býšť,533 22,58287 Drewry Parkway
412,Shchūchīnsk,,04330 Fair Oaks Court
413,Moriguchi,579-8066,613 Mitchell Drive
414,Tanshan,,42194 Mosinee Place
415,Libmanan,4407,18039 Dennis Avenue
416,Zinder,,26414 Dovetail Junction
417,San Rafael,5039,52111 Anzinger Pass
418,Sulak,427030,948 Talisman Junction
419,Dawwār Tīnjah,,2426 Dahle Crossing
420,Jaro,6527,1056 Grim Road
421,Yinping,,799 International Center
422,Bla,,60996 Mayer Court
423,Pedro Betancourt,,1331 Charing Cross Trail
424,Tangkeng,,4851 High Crossing Plaza
425,Monterrey,,9494 Glacier Hill Circle
426,Lete,,04 Wayridge Avenue
427,Oyonnax,01117 CEDEX,5358 Scott Pass
428,Puerto Iguazú,3370,95713 Starling Court
429,Tran,8723,5791 Sachtjen Hill
430,Glazov,427629,7 Coleman Alley
431,Bandar Seri Begawan,,112 Comanche Street
432,Paris 13,75638 CEDEX 13,38 Westridge Plaza
433,Lampang,52000,21809 Farmco Lane
434,Nandayure,50904,709 Sugar Trail
435,Fushan,,8 Everett Trail
436,Young America,55573,204 Pond Alley
437,Monguno,,93 Mayfield Court
438,Shizunai-furukawachō,942-0213,93510 Sherman Plaza
439,Tuymazy,452778,1 Armistice Terrace
440,Trzin,1236,22 Homewood Road
441,São Fidélis,28400-000,90399 Buena Vista Terrace
442,Livádion,,092 Dunning Center
443,Detroit,48232,66 Gulseth Place
444,Minien East,2430,5762 Eagan Pass
445,Moriguchi,579-8066,8 Menomonie Hill
446,Efeng,,174 Thompson Center
447,Santa Cruz del Sur,,0 Merchant Park
448,Xinhe,,3 Lindbergh Point
449,Olszówka,62-641,9 Dorton Way
450,Nagbalaye,3316,846 Ramsey Trail
451,Xuezhen,,629 Forest Dale Lane
452,El Carmen,29950,478 Barby Circle
453,Yuncheng,,485 Lotheville Hill
454,Saguing,9401,47 Thackeray Plaza
455,Matlang,6540,73312 1st Plaza
456,Mariestad,542 33,4 Stone Corner Lane
457,Chişinău,MD-2081,38 Raven Way
458,Thị Trấn Sìn Hồ,,92418 Dennis Junction
459,Kaytitinga,4901,32 Superior Alley
460,Borucin,47-451,4 Cherokee Terrace
461,La Sierpe,,94515 Little Fleur Center
462,Strzelce Krajeńskie,66-500,11673 Starling Alley
463,Zheleznogorsk,307156,012 Debra Avenue
464,Gushikawa,904-2223,97834 Nobel Trail
465,Wulan Haye,,2700 Oneill Road
466,Shelabolikha,659050,869 International Way
467,Mompós,473008,570 Briar Crest Center
468,Qigzhi,,652 Haas Alley
469,Krajan,,003 Mallory Trail
470,Ximei,,81 Hagan Trail
471,Shalazhi,366526,72 Lakewood Lane
472,Monte Alegre,59182-000,02542 Prairieview Street
473,Nangewer,,5 Melrose Place
474,Shah Alam,40542,06 Redwing Road
475,Krujë,,31 Corscot Pass
476,Aramayuan,4430,7 Waxwing Way
477,Kuala Lumpur,50672,090 Macpherson Street
478,Shouyan,,84 International Place
479,Ristinummi,66999,39 Namekagon Road
480,Calanogas,9319,0444 Park Meadow Terrace
481,Várzea de Sintra,2710-106,77714 Montana Hill
482,København,1058,43304 Canary Drive
483,Bairro do Margaça,2965-530,5809 7th Park
484,Bronkhorstspruit,1028,6 Forest Terrace
485,San Juan Pueblo,,761 Dakota Street
486,Al Fuwayliq,,2297 Spaight Place
487,Hanjia,,148 Hansons Center
488,Rio de Mouro,2635-034,6293 Debra Street
489,Kalýves Polygýrou,,1 Stephen Alley
490,Languan,,662 Sheridan Plaza
491,Nicola Town,,603 Springs Hill
492,Lenīnskīy,,908 Dayton Hill
493,Kotovsk,393194,00 Carberry Parkway
494,Numeto,,411 Grim Center
495,Kampene,,9962 Mallory Way
496,Energodar,,50200 Shoshone Junction
497,Daogao,,13 Sutteridge Point
498,Takum,,01 Hoepker Terrace
499,Langxi,,49522 Delaware Circle
500,Novaya Mayna,433568,0130 Michigan Avenue
501,Karangboyo,,49 Carpenter Circle
502,Miguel Hidalgo,14260,70 Green Ridge Hill
503,Kedunglo,,5228 Loftsgordon Place
504,Thul,79100,65824 Dakota Center
505,Puerto de Nutrias,,4 Talisman Plaza
506,Xinhuang,,124 Swallow Circle
507,Hüremt,,800 David Street
508,Bieniewice,05-870,3 Cottonwood Junction
509,Genova,16135,70 Ilene Parkway
510,Draguignan,83300,83 Westend Crossing
511,Wolfville,B4P,4 Loftsgordon Trail
512,Khong,30260,50192 Buhler Parkway
513,Tucupido,,7492 Clemons Terrace
514,Huifa,,3111 Clemons Park
515,Zhuxi Chengguanzhen,,35219 Spohn Center
516,Sokolo,,8168 Fallview Lane
517,Göteborg,416 80,843 Monument Hill
518,Pangkalan,,06158 Jenifer Parkway
519,Laiponda,,4 Erie Avenue
520,Allen,8328,0 Sauthoff Way
521,Zhaoyuan,,89 Ridgeview Pass
522,Glasnevin,D11,45 Kenwood Center
523,Níkaia,,7 Buhler Hill
524,Shahr-e Bābak,,2449 Garrison Avenue
525,Ngamba,,7 Kennedy Plaza
526,Doloplazy,783 56,33794 Superior Park
527,Şabbūrah,,6 Pankratz Crossing
528,Joinville,89200-000,66 Mayfield Avenue
529,Buenos Aires,1871,65 Prentice Center
530,Jinfeng,,4 Eastlawn Circle
531,Qingchuan,,8 Nevada Trail
532,Vyatskiye Polyany,622937,7 Lerdahl Place
533,Níkiti,,06 Loftsgordon Lane
534,Chepes,5470,7 High Crossing Crossing
535,Bayt ‘Awwā,,9056 Division Circle
536,Heishui,,4 Gale Pass
537,Khanabad,,918 Eagle Crest Point
538,Novokuz’minki,171658,52 Bunting Point
539,Hanjianglu,,13946 Basil Point
540,Acajutla,,709 New Castle Park
541,Tagoloan,9222,71674 Waxwing Pass
542,Loujiadian,,627 Sauthoff Circle
543,Karangsumber,,92244 Namekagon Trail
544,Kolomyagi,198264,6 Old Shore Trail
545,Pejibaye,11907,890 Quincy Crossing
546,Tumaco,528539,67956 Kinsman Junction
547,Ciego de Ávila,,38 Burrows Street
548,Changchi,,4 Sutherland Road
549,Orlovat,,31603 Waubesa Court
550,Martinópolis,19500-000,8 Grayhawk Crossing
551,Rauma,26820,4 Pierstorff Parkway
552,Sioux Falls,57193,468 Independence Park
553,Shilin,,33180 Messerschmidt Alley
554,Federal,3180,304 Darwin Junction
555,Ngawi,,4 Bartillon Plaza
556,Fakaifou Village,,54 Leroy Court
557,Chavão,4775-074,24 Reinke Point
558,Lunen,9507,1486 Northport Street
559,Pangantocan,4006,87 Onsgard Drive
560,Dunaivtsi,,1 Green Plaza
561,Igboho,,84 Artisan Street
562,Douniani,,45513 Toban Plaza
563,To’rtko’l Shahri,,7753 Hoffman Center
564,Nashville,37215,606 Sycamore Lane
565,Ortiga,6120-516,16851 Lakeland Point
566,Temizhbekskaya,186755,1746 Sutherland Center
567,Aizhai,,4 Melvin Court
568,Gaoming,,11165 Carpenter Parkway
569,Markaz Bilād aţ Ţa‘ām,,088 Dahle Hill
570,Xiushan,,66286 Utah Crossing
571,Tanahwangko,,63711 Summerview Circle
572,Liucheng,,76052 Mandrake Point
573,Haurpanggung,,90664 Gateway Plaza
574,Melaka,75200,311 Esker Avenue
575,Taganak,4100,86 2nd Hill
576,Muzambinho,37890-000,4 Surrey Lane
577,Nangong,,10 Mcbride Street
578,Ladner,V7A,06946 Westport Parkway
579,Metsovo,,252 Boyd Parkway
580,Adassil,,859 Corben Alley
581,Guanta,,07266 John Wall Center
582,Gatbo,4419,12726 Calypso Park
583,Oldřišov,747 33,313 Merrick Plaza
584,Pajeksan,,270 Oneill Parkway
585,Warnes,,7 Amoth Drive
586,Longzhouwan,,693 International Parkway
587,Embalse,5856,84855 Dovetail Court
588,Arteche,6822,8 Monica Parkway
589,Hashtpar,,33190 Utah Plaza
590,Futu,,62 6th Pass
591,Port Nolloth,8284,191 Union Pass
592,Tancheng,,10247 Nancy Trail
593,Holma,,85 Esker Drive
594,Babakanjaya,,2958 Macpherson Crossing
595,Mocho,,71 Portage Point
596,Newbiggin,NE46,247 Arapahoe Point
597,Palmira,,4 Moulton Road
598,Santa Rosa,,064 Lakewood Hill
599,Balinad,4506,54054 Mosinee Hill
600,Alegre,29500-000,19487 Elka Street
601,Junqueiro,2775-035,98 Macpherson Park
602,Bërxull,,03 Bobwhite Avenue
603,Herby,42-284,0003 Troy Road
604,Bodzentyn,26-010,28 Melby Junction
605,Stoczek,07-104,7 Fieldstone Terrace
606,Cipari,,1465 Farragut Drive
607,Matmata,,09 Elka Avenue
608,Nytva,617000,90165 Sunnyside Road
609,Bonga,5504,3269 Rusk Street
610,Caobi,,42006 Hudson Point
611,Jiangyan,,4619 Algoma Parkway
612,Goubangzi,,1 Boyd Avenue
613,Santo Domingo,4508,4 Daystar Terrace
614,Sidem,,09 Nova Circle
615,Mrągowo,11-709,3 Holmberg Crossing
616,Al Tuḩaytā’,,8100 Crownhardt Street
617,Puerto Asís,862069,16682 Texas Point
618,Paninggaran,,9 Ramsey Park
619,Kaseda-shirakame,899-3515,0 Del Sol Plaza
620,Fuxing,,1938 Sunbrook Place
621,Rathangan,A45,96 Sunnyside Pass
622,Sierpc,09-200,2909 Mccormick Lane
623,Xiluo,,0061 Continental Point
624,Seremban,71770,922 Heffernan Lane
625,Mercaderes,195069,426 Cottonwood Lane
626,Cimişlia,MD-4112,0 Toban Point
627,Brezovica,33411,91954 Truax Pass
628,San Miguel,68540,0199 Hayes Avenue
629,Ndungu,,69 Fulton Circle
630,Talon,,48 Canary Court
631,Niono,,6627 Swallow Park
632,Nantes,44335 CEDEX 3,3 Bunker Hill Circle
633,Dabai,,3 Novick Drive
634,Bantarjati,,1922 Longview Place
635,Odintsovo,143082,1 Brentwood Point
636,Tuchkovo,143142,54830 High Crossing Junction
637,Łomża,18-404,07145 Hooker Pass
638,Calapan,5200,9 Bluestem Trail
639,Jablonné nad Orlicí,561 64,6 Kingsford Lane
640,Puerto Rico,503068,7 Gina Place
641,Huntington Beach,92648,8927 Grasskamp Parkway
642,Sandaohezi,,1 Bowman Junction
643,Pio Duran,5046,063 Porter Street
644,Washington,20078,83020 North Hill
645,Ivry-sur-Seine,94209 CEDEX,55374 Katie Terrace
646,Cangqian,,7244 Summer Ridge Street
647,Las Animas,39280,0317 Linden Hill
648,Limoges,87030 CEDEX 1,512 Commercial Trail
649,Caikouji,,71569 Waxwing Pass
650,Pingfeng,,22837 Maryland Court
651,Ciudad Tecún Umán,22011,7911 Artisan Trail
652,Zoushi,,201 Garrison Alley
653,Pryazha,186120,6627 Vernon Pass
654,Loma Bonita,29094,60 Sunbrook Hill
655,Cardal,2260-510,56 Ramsey Lane
656,Maliq,,1 Maple Wood Terrace
657,Beau Vallon,,64 Northfield Parkway
658,Barreiros,4615-492,103 Delladonna Center
659,Nurota Shahri,,701 Westerfield Place
660,Benito Juarez,86403,19340 Katie Plaza
661,Valparaíso,16880-000,505 Monument Parkway
662,Xiangshui,,670 Sloan Center
663,El Aïoun,,116 Hovde Plaza
664,Komatsu,999-8317,2997 Magdeline Hill
665,Pietà,PTA,99629 Eggendart Point
666,San Jose,69570,4293 Londonderry Place
667,Labuhansumbawa,,2 Cordelia Way
668,Nice,06281 CEDEX 3,9386 Ludington Trail
669,Bua Yai,30120,4272 Debra Circle
670,San Juan del Cesar,444038,11191 Service Street
671,Banjar Anyar,,8060 Artisan Drive
672,Nizhniy Dzhengutay,368209,3 Pankratz Terrace
673,Panan,1105,6582 Walton Road
674,Nice,06306 CEDEX 4,57 Fairview Point
675,Rosario,8504,6164 Mccormick Drive
676,Christiana,2680,08021 Schurz Lane
677,Al Ḩawātah,,37 Crowley Trail
678,Străşeni,MD-3730,6 Meadow Ridge Lane
679,Ar Rawḑ,,433 Fairview Avenue
680,Huage,,0708 Pleasure Court
681,Donghuang,,36313 Superior Center
682,Velikooktyabr’skiy,172715,354 Dayton Place
683,Kirovsk,184256,7816 Dryden Lane
684,Sammatti,09220,4698 Vermont Parkway
685,Münster,48161,78696 Burning Wood Pass
686,Oslo,0664,40 Elmside Lane
687,Miastko,77-201,854 Scofield Hill
688,Plyussa,181000,6 Pearson Street
689,Rio Claro,13500-000,86 Ohio Avenue
690,Affery,,06 Darwin Pass
691,Guojia,,69 Portage Point
692,El Carmen de Bolívar,132059,2330 Independence Street
693,Sanhe,,4248 Dryden Crossing
694,Nalinggou,,1248 Bluejay Park
695,Vale de Figueira,2000-715,6460 Ronald Regan Road
696,Novouzensk,413362,67636 Southridge Hill
697,Vélo,,74450 Thierer Way
698,Khombole,,1032 Barnett Drive
699,Kyzyl-Burun,,10590 Larry Hill
700,Lianghe,,2 Harbort Crossing
701,San Fernando,8711,0415 Rowland Court
702,Urus-Martan,366510,335 Lunder Parkway
703,Três Passos,98600-000,984 Linden Junction
704,Arnhem,6824,11951 Oak Valley Drive
705,Purabaya,,422 Donald Street
706,Gaya,,572 Del Mar Alley
707,Sibayo,,561 Butternut Court
708,Edgeworthstown,E25,2 Village Green Road
709,Panjir,,1 Redwing Drive
710,Farafangana,,3176 Division Pass
711,Štitar,32274,3422 Melby Trail
712,Neni,,97 Northridge Drive
713,Dallas,75236,6 Ludington Junction
714,San Antonio,,9649 Cherokee Drive
715,Lawonda,,90 Alpine Hill
716,Radišići,,23201 Debs Street
717,Nirji,,127 Portage Park
718,Beloostrov,238323,4731 Farwell Park
719,Meia Via,2350-629,65 Dennis Junction
720,Pomichna,,31 Thierer Road
721,Ajdabiya,,97 Thierer Park
722,Draginje,,31 Marquette Road
723,Walahir,,6 Annamark Lane
724,San José de Miranda,682027,3360 Barby Junction
725,Masinloc,2211,999 Kensington Place
726,Jitan,,5830 Esker Terrace
727,Igreja,5100-825,6159 Larry Pass
728,Shuangxiqiao,,3 Mayer Point
729,Sarāqib,,26049 Lake View Place
730,Babahoyo,,46 Sullivan Crossing
731,Lamalewar,,490 Memorial Terrace
732,Saxin,,16 Clemons Crossing
733,Minshan,,7 Utah Hill
734,Voloshka,164051,7866 Welch Lane
735,Puntarenas,60101,22547 2nd Court
736,Hispania,056457,98424 Brentwood Lane
737,San Juan,6227,4628 Eagan Pass
738,Malāyer,,3 Farwell Terrace
739,St. Catharines,L2P,738 Huxley Parkway
740,Xichangmen,,85 Anthes Plaza
741,Ruyigi,,631 Darwin Road
742,Quebrada Larga,,6 Oak Valley Junction
743,Road Town,,9 Loeprich Avenue
744,Pinara,,00491 Elmside Terrace
745,Guangli,,8 Maple Way
746,Progreso,31210,988 Upham Hill
747,San Luis,27400,5 Maple Wood Plaza
748,Pātan,,8820 Cherokee Circle
749,Xinba,,44 Huxley Trail
750,Richky,,201 Becker Hill
751,Shanxia,,2574 Paget Parkway
752,Pärnu,,236 Arizona Hill
753,Piñas,,0 Macpherson Pass
754,Yelets,399778,8569 Oakridge Crossing
755,Sucre,,30 Sherman Crossing
756,Baishan,,26 Carioca Way
757,Žďár nad Sázavou Druhy,592 11,8179 Mandrake Park
758,Shouchang,,337 Warbler Way
759,Kungälv,442 12,76895 Kennedy Center
760,Mahābād,,41 Union Road
761,Gierłoż,01-517,3804 Grover Avenue
762,Areguá,,605 Golf Street
763,Shanjie,,549 Hintze Alley
764,Chaloem Phra Kiat,40250,387 Florence Lane
765,Circa,,349 Truax Drive
766,Culacling,4409,778 Delladonna Pass
767,Cocachacra,,2 Bultman Road
768,Aghada,F23,7 Warner Junction
769,Yuyang,,37 Mendota Plaza
770,Kebunan,,226 Rowland Center
771,Nîmes,30935 CEDEX 9,96 Westport Place
772,Lyubimets,6522,33248 Saint Paul Drive
773,Cikadu,,19038 Messerschmidt Pass
774,Xijiadian,,76 Heath Trail
775,Fuchun,,5 Autumn Leaf Hill
776,Fengyi,,031 Steensland Point
777,Bagong Barrio,7209,30634 Roxbury Street
778,Portão,93180-000,1466 Stephen Street
779,Amherstburg,N9V,3820 Red Cloud Court
780,Banjar Dauhpura,,85 Mallard Hill
781,Dashiju,,4 Oak Street
782,Bershet’,614551,1762 Lindbergh Point
783,Arlöv,232 24,969 Duke Street
784,Sukamenak,,62362 Alpine Junction
785,Maggotty,,8 Melody Drive
786,Biograd na Moru,23210,332 Coleman Lane
787,Sundre,L9H,16 Scott Street
788,Ed,668 92,56340 Stoughton Court
789,Yaruchel,,605 Fieldstone Avenue
790,Farah,,25 Nevada Point
791,Zaña,,54 Onsgard Terrace
792,Norrköping,600 06,4 Corry Avenue
793,Cabo Frio,28900-000,794 Dapin Plaza
794,Duboka,,53920 Bartelt Hill
795,Klisura,4341,37147 New Castle Circle
796,Clichy,92613 CEDEX,8 Nancy Junction
797,Boñgalon,2416,8963 Grasskamp Avenue
798,Krajan Winong,,9 John Wall Hill
799,Kotabesi,,74367 Moose Place
800,Rixi,,634 Kinsman Hill
801,Bom Jesus da Lapa,47600-000,08 5th Alley
802,Mankono,,50 Moulton Trail
803,Yambrasbamba,,53958 Redwing Trail
804,Bartniczka,87-321,30587 Buena Vista Drive
805,Tambaksari,,6 Holmberg Avenue
806,Tūkrah,,265 Lukken Way
807,Marttila,21490,63 Duke Center
808,Lamía,,9 Schmedeman Drive
809,El Hermel,,60347 Kingsford Drive
810,Riachão das Neves,47970-000,89 Anniversary Road
811,Cergy-Pontoise,95032 CEDEX,27529 Banding Hill
812,Taungdwingyi,,03 Nevada Lane
813,Mont-de-Marsan,40025 CEDEX,98 Ridgeview Drive
814,Sulūk,,50 Ridgeway Court
815,Dokri,77060,92 Mallory Terrace
816,Zaïo,,07598 Mendota Terrace
817,Kelungkung,,9 Dorton Junction
818,Aylmer,N5H,2018 Chive Park
819,Helsingborg,256 62,44 South Way
820,Minami-rinkan,246-0038,57 Shoshone Plaza
821,Khomutovo,664540,727 Florence Way
822,Dongchong,,38666 1st Way
823,Sypniewo,06-216,4369 Jenifer Terrace
824,Kamigyō-ku,612-8447,2112 Dayton Place
825,Bundoc,3515,3 Prairieview Pass
826,El Mirador,29140,2 Forest Run Street
827,Sidi Moussa,,65306 Crowley Court
828,La Cruz,47707,8 Harper Drive
829,Pidvolochys’k,,787 North Circle
830,Awilega,,2075 Hollow Ridge Lane
831,Aktogay,,2 Randy Trail
832,Tyret’ Pervaya,666330,717 Little Fleur Terrace
833,Araripina,56280-000,1 Northridge Junction
834,Changxi,,7238 Ilene Point
835,Jinan-gun,,08662 Daystar Street
836,Pataruman,,0774 Ronald Regan Drive
837,Neiba,11105,2 Hovde Circle
838,Shijie,,3933 Beilfuss Avenue
839,San Antonio,78215,0581 Kim Trail
840,Sokol,347252,48 Vidon Alley
841,Huangsha,,52 Hanson Road
842,Chastyye,617191,9 Harper Center
843,Abaetetuba,68440-000,63 Blackbird Center
844,Ushirombo,,9 Golf Course Center
845,Zaječar,,7 Mccormick Parkway
846,Liuhe,,1708 Mosinee Pass
847,Colosó,707037,68 Graedel Parkway
848,Joliet,60435,613 Banding Center
849,Stakhanov,,374 Dwight Street
850,Shangyuan,,3 Carioca Trail
851,La Libertad,,8 Schmedeman Lane
852,Uryupinsk,403140,5379 Raven Circle
853,Changzhi,,0 Iowa Place
854,Sudzha,307831,8 Pierstorff Center
855,Xiaoruo,,9 Eagan Street
856,Begang,7300,42 Burrows Place
857,Bulod,1106,18 Laurel Parkway
858,Sembungan Kidul,,4653 Chinook Lane
859,Horad Krychaw,,2864 Barby Avenue
860,Sukadana,,180 Hayes Crossing
861,Korkino,456555,47627 Farragut Drive
862,Bezerros,55660-000,6 Crowley Pass
863,Fika,,35 Mcbride Road
864,Sōja,719-1171,73067 Sunfield Avenue
865,Huya,,8412 Lukken Hill
866,San José,,14359 American Court
867,Qinggis Han,,546 Acker Center
868,Liberta,,3 Pleasure Drive
869,Darwin,8364,8464 Rigney Junction
870,Māymay,,6769 Farmco Crossing
871,Pierzchnica,26-015,92 Hollow Ridge Point
872,Rey,,9 Barnett Junction
873,Ciénega,153457,37797 Rigney Avenue
874,Banjar Madangan Kaja,,37839 American Parkway
875,Borzęta,32-447,37491 Elgar Alley
876,Cirumput,,845 Crest Line Drive
877,Carmelo,9212,94 Village Trail
878,Darya Boyi,,5097 Kenwood Terrace
879,North Side,,309 Dixon Hill
880,Onueke,,4 Talmadge Pass
881,Porto Formoso,9625-414,6 Dunning Point
882,Al Jaghbūb,,67 Service Avenue
883,Xiaolin,,74892 Pond Point
884,Xiangjia,,53 Main Pass
885,Jinxiang,,6100 South Terrace
886,Tadine,98828,13 Merrick Hill
887,Quxi,,66899 Gateway Junction
888,Limbi,,46 Scoville Point
889,Egbe,,830 Cody Junction
890,Narok,,975 Hallows Parkway
891,Plaški,47304,535 Colorado Road
892,Lorica,231048,859 Vera Parkway
893,Fukuma,811-3522,62 Dryden Road
894,Contraalmirante Cordero,8305,21 Hoard Court
895,Shangping,,45 Porter Drive
896,Paldiski,,27 Dapin Circle
897,Minle,,0 Hudson Center
898,San Antonio,72089,01777 Nancy Crossing
899,Bang Bon,10150,0 Kingsford Crossing
900,Imbituva,84430-000,247 Rieder Street
901,Nevel’,182520,17 Sugar Parkway
902,Le Pontet,84964 CEDEX,97 Mayer Hill
903,Tabatinga,14910-000,98532 Fairview Park
904,Beiyang,,531 Vahlen Avenue
905,Guinabsan,4215,9 New Castle Junction
906,Lipov,696 72,01 Manitowish Trail
907,Stockholm,112 75,2133 Manitowish Pass
908,Ciechanów,06-413,30173 Duke Avenue
909,Manola,,9560 Manufacturers Alley
910,Fatou,,89015 Anzinger Drive
911,Polýkastro,,908 Knutson Junction
912,Babatngon,6520,83887 Scoville Court
913,Emar,169635,4 Surrey Plaza
914,Kasamwa,,3070 Lawn Alley
915,Xinhuang,,27 Division Hill
916,Abū Ghaush,,16 New Castle Road
917,Jakhaly,,21 Becker Parkway
918,Bondy,93144 CEDEX,710 Ilene Hill
919,Blatná,388 01,7593 Reindahl Crossing
920,Kambatatamakawu,,1306 Westend Place
921,Dalududalu,,509 Dixon Center
922,Padre Bernardo,73700-000,37 Homewood Crossing
923,Shunling,,83149 Holy Cross Center
924,San José de Barlovento,,2356 Marquette Road
925,Jiuchi,,73 Namekagon Place
926,Xiangqiao,,934 Menomonie Parkway
927,Wete,,92 Moland Hill
928,Buzen,871-0921,3 5th Lane
929,Krzeszów,58-405,0434 Sundown Court
930,Ouagadougou,,8157 Shasta Street
931,Dongsheng,,46599 Jenifer Circle
932,Pasirputih,,008 Dorton Avenue
933,Kadukandel,,1 Memorial Terrace
934,Washington,20420,68460 Lyons Circle
935,Lidköping,531 93,1852 Butterfield Trail
936,Gierałtowice,44-186,1 Esker Hill
937,Frýdlant,464 01,49 Corscot Way
938,Dasongshu,,5 Linden Parkway
939,Hengjie,,6 Northland Park
940,Kandi,,95103 Pine View Junction
941,Liminka,91901,97564 Sunfield Junction
942,Zhaojia,,7 Westerfield Hill
943,Buckland,CT16,9 Talisman Park
944,Ceadîr-Lunga,MD-6114,7 Dexter Drive
945,Camarate,2680-005,3 Ronald Regan Parkway
946,Haibara,779-3601,914 Dorton Alley
947,Godong,,66309 Knutson Drive
948,Jixin,,13567 Coleman Junction
949,Retkovci,32282,04 Prairie Rose Alley
950,Darhan,,31518 Mockingbird Lane
951,Donji Dobrić,,731 Crownhardt Court
952,Kedungasem,,46845 Sundown Park
953,Pilchowice,44-145,61081 Luster Crossing
954,Pöytyä,21880,50 Crownhardt Junction
955,Kapiri Mposhi,,050 Heffernan Junction
956,Chicago,60614,10245 Dakota Point
957,Bastia,20403 CEDEX,110 Sunnyside Crossing
958,Sar Chakān,,541 Sunfield Road
959,Ansermanuevo,762018,5 Briar Crest Center
960,Ell,L-8531,0 Nelson Terrace
961,Grecheskoye,357247,0 Reindahl Street
962,Sanlicheng,,127 Pankratz Court
963,Orda,617500,4 Elka Circle
964,Igarapé Açu,35516-000,8899 Marcy Junction
965,Polonnaruwa,51000,142 Eagan Park
966,Novoaleksandrovsk,356003,977 Emmet Road
967,Greenwood,E6J,45 Lillian Parkway
968,Vicente Guerrero,40230,21323 Nelson Way
969,Si Racha,20110,7798 Summerview Drive
970,El Hermel,,945 Birchwood Alley
971,Vilela,4580-634,7411 Bowman Court
972,Huibu,,6559 Crownhardt Place
973,Sambopinggir,,4489 Trailsway Circle
974,El Kef,,18 Petterle Point
975,Macas,,18751 Pennsylvania Junction
976,Cirangga Kidul,,81 Mockingbird Point
977,Stockholm,116 23,91999 Orin Park
978,Mubende,,3451 Schurz Parkway
979,Molinos,4616,2339 Barby Drive
980,Mora,792 34,22 Kennedy Road
981,Frisange,L-5754,5 Cordelia Lane
982,Abha,,8504 Forest Run Parkway
983,Baquero Norte,3322,3335 Lillian Crossing
984,Naranjo,20601,1 Welch Court
985,Baş Göynük,,5 Kings Crossing
986,Łęknica,68-208,60 Graceland Point
987,Biscoitos,9760-055,98 Express Pass
988,Iturama,38280-000,026 Ridgeway Place
989,Tallkalakh,,05 Artisan Court
990,Nguékhokh,,5 Petterle Alley
991,Langley,SG4,639 Almo Junction
992,Železný Brod,468 22,0 Novick Junction
993,Vicente Guerrero,39200,33 Messerschmidt Drive
994,Sydney,1043,0 La Follette Way
995,Levallois-Perret,92309 CEDEX,707 Springs Center
996,Joutsa,19651,742 Portage Terrace
997,Trångsund,142 82,2367 Oak Avenue
998,Sandefjord,3249,397 Manley Crossing
999,Nal’chik,361424,90355 Union Drive
1000,Ngujuran,,42 Magdeline Park
