id_employee,employee_code,first_name,last_name
1,189-52-9912,Donni,Guise
2,139-58-8967,Tamma,Pimblett
3,875-23-8180,Merralee,Scade
4,646-80-3066,Lion,Jordin
5,688-43-0393,Anabella,Neame
6,895-47-0484,Artie,Caldecot
7,736-37-9791,Vivianna,Losemann
8,571-51-8185,Maegan,Duddin
9,480-82-8088,Janifer,Polack
10,175-29-3665,Bernice,Wingatt
11,855-47-1207,Shanna,Dumini
12,657-28-3147,Tiffi,Castellaccio
13,491-92-4850,Reynard,Sadry
14,547-14-8405,Lynna,Anfosso
15,619-65-4074,Artemis,Brampton
16,410-95-8400,Allister,Knath
17,861-26-1352,Chelsie,Boncoeur
18,192-82-9738,Joshua,Morillas
19,828-27-0162,Homerus,Eliff
20,753-13-8312,Lory,O'Leagham
21,847-83-2758,Consalve,Holgan
22,311-42-8648,Woodman,Lawlie
23,630-64-0593,Hazel,Jagielski
24,738-15-0353,Fey,Michie
25,319-67-0071,Sonni,Levett
26,286-81-6529,Drucy,Szymon
27,759-33-9787,Gawain,Sills
28,139-69-7356,Joseito,Mariel
29,494-20-5462,Sven,Semon
30,613-57-0119,Wrennie,Vasyunin
31,405-48-1873,Sande,Wellings
32,310-17-1782,Davy,Morgans
33,798-24-7513,Megan,Ivanyukov
34,188-08-7161,Esteban,Biasi
35,324-19-8050,Shandie,Dauby
36,270-28-6272,Marcus,Ward
37,760-78-0649,Genny,Laise
38,165-93-6880,Pavla,Hartness
39,246-16-9017,Standford,McTurk
40,791-77-7527,Berenice,Gresly
41,797-37-7004,Alia,Balcock
42,191-46-3688,Georgianne,Aspden
43,635-16-5416,Jenilee,Gorling
44,418-45-6202,Noah,Kettle
45,504-10-5096,Sammy,Goater
46,703-15-3100,Thornie,Kolis
47,217-10-8100,Bidget,Coutts
48,106-16-2551,Berty,Carillo
49,615-04-8637,Zed,Esslemont
50,804-91-7316,Joellen,Hewell
51,210-84-1964,Coralyn,Kelby
52,786-88-9785,Penni,Fenning
53,595-73-6960,Yvon,Frood
54,571-92-8803,Kin,Giorgini
55,298-60-7722,Milzie,Gritten
56,406-92-9790,Janette,McKeown
57,315-56-5902,Sunny,Okill
58,723-15-5848,Eimile,Maguire
59,250-59-3719,Justino,Annwyl
60,334-31-6967,Zebadiah,Mothersole
61,376-69-4954,Carey,Harden
62,682-38-0177,Elly,Brewer
63,511-99-3922,Rafe,Daelman
64,247-47-1451,Aggi,Christescu
65,515-95-5894,Phillis,Ubee
66,385-89-8797,Gennie,Geertz
67,594-36-4136,Rosetta,Rudland
68,358-07-8022,Frasquito,Blenkinsopp
69,209-32-2146,Cathrin,O'Loinn
70,327-60-3950,Britta,Mackneis
71,739-35-8085,Sindee,Siddons
72,489-89-1489,Lorri,Lakey
73,895-94-2352,Raffaello,Leirmonth
74,348-43-5130,Kare,Bamb
75,455-45-4650,Andreas,Heggs
76,521-28-4620,Batholomew,Lillicrap
77,721-91-1679,Bobinette,Rominov
78,785-65-5940,Magdalene,Cadney
79,305-24-9428,Rona,Klimshuk
80,150-44-7778,Maxy,Heinonen
81,591-14-7728,Scot,Smolan
82,497-15-9660,Rori,Robens
83,315-95-4145,Cordelia,Beltzner
84,315-31-0959,Franny,Mountfort
85,142-15-4118,Austin,Hansom
86,753-73-1113,Baldwin,Daw
87,848-78-7049,Yanaton,Franca
88,769-03-1672,Eddy,Le Galle
89,445-02-7300,Otis,Montez
90,162-64-0712,Elroy,O'Lagen
91,352-33-0084,Isa,Bechley
92,432-44-1155,Thorpe,Bircher
93,809-04-2109,Felicdad,Ladyman
94,502-32-7605,Gery,Farndell
95,139-44-4353,Edd,Beetlestone
96,708-63-8052,Weston,Gebb
97,205-61-8395,Nonie,Gillbey
98,795-01-6603,Carlo,Skaife d'Ingerthorpe
99,769-19-0044,Brockie,Lindbergh
100,855-49-0926,Tanner,Witcher
101,869-40-3239,Lorelle,Henrichsen
102,201-62-0596,Laina,Shubotham
103,317-24-2561,Janaye,Euplate
104,817-68-9399,Gallard,McVitty
105,326-96-2003,Danya,Adrain
106,180-80-6385,Diane-marie,Meadway
107,682-01-1767,Dew,Buche
108,350-33-7634,Karlen,Week
109,474-55-1858,Aggi,Claxson
110,419-89-1953,Julie,Fansy
111,399-80-0850,Glynis,Smalles
112,221-55-3078,Weylin,Hunnywell
113,720-20-5533,Laurel,Capineer
114,512-30-0101,Ketty,Lambertazzi
115,711-37-6714,Oswell,Itscovitz
116,754-59-4617,Kellina,Duckering
117,273-45-7205,Laina,Isaac
118,439-39-1865,Emelia,Gerdes
119,181-15-2204,Saleem,Boswood
120,484-51-6302,Tillie,Puvia
121,726-12-9275,Elnar,Polson
122,177-33-7008,Caldwell,Gerardi
123,556-42-0019,Torr,Aviss
124,234-81-8142,Hilary,McAuley
125,519-53-6207,Baldwin,Aphale
126,576-72-1815,Coralie,Ingledew
127,278-37-6277,Jo,Gurg
128,571-67-4621,Fletch,Erickson
129,279-29-4121,Mendy,Methingam
130,861-77-3471,Ed,Worthy
131,786-29-8921,Zelda,Boon
132,311-37-2796,Sibel,Royans
133,645-81-7399,Judye,Pearcehouse
134,147-96-7344,Joanie,Twidle
135,252-46-5066,Dre,Genery
136,175-82-2975,Minda,Pull
137,640-54-0408,Ursa,Crockley
138,149-86-2420,Benjamen,Fiorentino
139,377-75-9721,Dottie,Le Friec
140,600-40-1213,Audi,Stayte
141,846-10-3166,Ashby,Verni
142,304-58-5990,Marris,Rapport
143,236-28-2724,Caitlin,Layus
144,286-19-2057,Kevon,Sammes
145,110-19-6018,Reynold,Clardge
146,338-72-1775,Farrel,Stookes
147,295-83-8530,Germaine,Collens
148,235-85-4617,Maudie,Parradye
149,420-11-2378,Heddie,Hinz
150,224-17-7423,Arnold,O'Dowling
151,656-85-2346,Katerina,Petrik
152,285-55-3859,Franzen,Troke
153,663-12-4048,Milissent,Trussler
154,215-98-5306,Deidre,De Malchar
155,547-97-2974,Cicely,Ivashev
156,443-30-2652,Malvin,Broadwood
157,644-69-2390,Ralf,Elverstone
158,744-24-1420,Malynda,Dumbrell
159,262-02-9620,Jobina,Harryman
160,879-20-7571,Billy,Stutter
161,175-90-0512,Jeromy,Stickings
162,142-24-4682,Spike,Bowmer
163,308-83-2350,Teddi,Younie
164,706-64-1853,Brooke,Gerner
165,829-25-0717,Maryl,Vamplers
166,467-58-3763,Malvina,Broggelli
167,488-79-8959,Tamiko,Jaxon
168,726-11-2203,Duane,Negal
169,654-48-1568,Sergei,Vanlint
170,882-90-2082,Kerstin,Drydale
171,757-95-0265,Griffin,Cabrer
172,194-68-6871,Rollins,Angell
173,465-57-4692,Wye,Gurry
174,827-07-7332,Karisa,Owens
175,568-94-4624,Chantal,Atyea
176,150-27-1965,Agosto,Grelik
177,734-10-0551,Lorena,Greenless
178,201-36-7001,Glory,Gimblet
179,192-86-9933,Jed,Tacey
180,449-49-5125,Michelle,Sherville
181,180-76-4232,Nadya,Rumgay
182,179-65-6458,Lexy,Guitton
183,231-23-8182,Darwin,Chazette
184,832-13-6740,Novelia,Dimitrescu
185,684-47-3820,Shellie,Duffin
186,789-94-9861,Laurice,Kellart
187,203-86-9641,Una,Herreros
188,196-84-5681,Cheslie,Bletsor
189,130-08-0257,Jeanie,D'eath
190,183-10-3692,Giacopo,Jeffcoat
191,864-09-8622,Brady,Cater
192,262-11-2218,Fitzgerald,Hefner
193,780-18-2880,Emmy,Couth
194,553-95-1986,Tremaine,Killock
195,529-27-9063,Maggee,Pergens
196,335-98-6026,Shauna,Isaq
197,204-34-9137,Micky,Rous
198,506-79-9049,Armin,Foreman
199,622-02-5323,Packston,Bellhouse
200,492-68-4474,Darryl,Prestland
201,823-78-1183,Adolph,Keighley
202,687-31-0537,Verena,Mustarde
203,335-98-9722,Stillman,McCarver
204,848-32-9925,Otes,Bulfit
205,654-04-6743,Nerty,Ellacott
206,294-07-5661,Brianna,Nason
207,612-99-5853,Alexine,Krysiak
208,646-04-7620,Sibyl,Neil
209,778-92-2337,Rosalyn,Miller
210,418-25-4966,Gaylene,Ox
211,223-94-1741,Celine,Lindeberg
212,190-71-7371,Malcolm,Scones
213,525-85-9929,Chane,Francois
214,132-16-2522,Jaye,Ions
215,120-31-9083,Harmony,Hutley
216,651-24-4946,Keely,Sheldon
217,821-20-1383,Esmaria,Eddie
218,282-11-8064,Curr,Dangerfield
219,595-87-2115,Jackquelin,Clamp
220,145-82-1628,Morgen,Ennor
221,453-04-3366,Izabel,Knappitt
222,774-71-5752,Nevins,Badrock
223,560-28-3018,Vivien,Jeffree
224,307-01-7547,Asher,Moniker
225,534-84-1530,Karon,Godbert
226,836-89-7960,Juditha,Bodker
227,594-71-2887,Madelle,Kamienski
228,488-77-7224,Hildegaard,Kilbane
229,137-75-0771,Chiquia,Sallows
230,682-17-1912,Kenn,Quantrill
231,392-58-4529,Maribelle,Kiehne
232,151-36-4509,Gard,Sparway
233,460-27-8968,Midge,Condell
234,365-49-3832,Hortense,Yardley
235,189-15-9958,Colly,Gawke
236,562-10-3633,Beitris,Thunder
237,431-89-4979,Lana,Pritchett
238,651-60-2220,Timofei,Pagnin
239,653-11-8200,Dulciana,Simonelli
240,593-26-9792,Iorgos,Canedo
241,687-84-7695,Verney,Pickup
242,698-48-5714,Koral,O'Hagerty
243,435-57-8339,Joni,Brabant
244,175-52-3516,Calvin,Burnet
245,494-87-4604,Bobette,Flawith
246,112-90-3236,Aridatha,Crain
247,617-20-7522,Rita,Toon
248,342-88-7858,Crin,Tomovic
249,854-77-9955,Hali,Janssen
250,248-70-5267,Mandie,Toms
251,772-86-4213,Hugo,Grigorkin
252,869-79-5257,Cordey,Gillam
253,842-90-4085,Inger,Moretto
254,563-06-8388,Grata,Scoines
255,775-94-7269,Lolita,Kuhndel
256,439-72-7620,Joanne,MacCracken
257,377-82-6237,Jessika,Killich
258,611-84-1647,Nelia,Kun
259,545-19-9887,Gasper,Diable
260,751-79-2569,Cobby,Hardwell
261,628-14-2077,Ram,Angeau
262,104-21-5216,Tull,Signe
263,631-67-6349,Othilia,Scotchmur
264,358-88-6723,Jimmy,O'Shevlan
265,197-19-7852,Nanny,Bravery
266,722-33-5694,Agosto,Blunn
267,288-41-7266,Ollie,St. Leger
268,651-74-6380,Loren,January
269,192-37-0921,Reider,Chape
270,173-60-1736,Inge,Furse
271,153-29-8827,Dana,Busfield
272,185-34-6818,Wash,Nannizzi
273,322-84-9350,Burch,Edwin
274,876-18-9710,Saundra,Collum
275,443-44-5500,Lars,Penney
276,830-83-4683,Deeanne,Bradley
277,814-23-3396,Ashlen,Chelam
278,810-99-8439,Gleda,Lutton
279,418-44-9628,Jordana,Sarney
280,366-88-3823,Amanda,Putterill
281,488-06-9981,Honey,Looker
282,559-42-7390,Melloney,Giovanardi
283,311-65-1631,Latrina,Corish
284,461-89-1687,Jayme,Durand
285,661-33-6501,Dacia,Lohmeyer
286,854-90-4826,Shelden,Malsher
287,764-78-0766,Thomasin,Joselovitch
288,669-01-1631,Reena,Manjin
289,660-20-0275,Lothaire,Goulthorp
290,421-63-5288,Meaghan,Tudhope
291,394-88-8106,Rubetta,Gyrgorcewicx
292,376-06-5479,Gav,de Clerc
293,801-72-1694,Carmencita,Benoiton
294,280-61-9139,Dean,Paaso
295,553-40-4627,Nicky,Cawte
296,299-83-0830,Matt,Conen
297,741-59-1323,Ophelie,Coggell
298,421-76-6638,Kore,Featherstonhaugh
299,839-41-8137,Ursulina,Antalffy
300,118-95-6554,Zonnya,Noone
301,359-31-9260,Josi,Catonne
302,512-01-2781,Tisha,Rugge
303,251-22-4031,Saleem,Grigoriscu
304,404-76-0163,Winifred,Duchateau
305,137-51-7646,Sacha,Casellas
306,781-67-9303,Olga,Blaby
307,183-47-5835,Reuben,Everiss
308,197-89-0359,Jeno,Stonhewer
309,883-97-8001,Osbourn,Wedmore
310,256-55-2202,Rianon,McAmish
311,683-39-7915,Alanah,Brickwood
312,431-06-9142,Lemuel,Borrows
313,832-68-4596,Trescha,Haeslier
314,420-06-4286,Rosmunda,Tesmond
315,356-17-0083,Maddy,Viggers
316,296-38-9753,Annis,Biermatowicz
317,276-45-0061,Gearard,Crowne
318,118-66-0043,Pate,Chater
319,748-13-2941,Ethan,Kid
320,642-49-9360,Teena,Dimont
321,565-71-5834,Roy,Beric
322,331-61-4048,Carlita,MacCaull
323,434-80-5618,Ernaline,Rosentholer
324,849-20-3070,Hi,Lawrey
325,663-91-4425,Antonius,Auger
326,498-06-3676,Marika,Batchelder
327,384-56-7959,Saraann,Varah
328,224-71-3399,Nataniel,Picken
329,113-93-0130,Zsazsa,Baseke
330,778-20-6537,Susie,Antoney
331,696-97-6730,Maggee,Pipes
332,581-43-4421,Penelope,Overstall
333,490-70-2704,Elisabetta,Blazejewski
334,641-57-9462,Any,Juorio
335,837-23-7012,Elmore,Abry
336,386-35-9820,Bridget,Grigoli
337,764-26-1884,Humberto,Tyce
338,324-65-3923,Aubrey,Matityahu
339,602-40-1755,Malvina,Napoleone
340,267-84-9633,Nathanil,Berkeley
341,757-12-0362,Colman,Rhydderch
342,577-40-2717,Georgette,Ascroft
343,485-68-9764,Fransisco,Aleksashin
344,427-68-7049,Kincaid,Senton
345,535-38-8111,Will,Nudds
346,580-36-6457,Chastity,Essame
347,800-28-1870,Werner,Tucknutt
348,159-33-5747,Orly,Ledekker
349,164-91-9278,Ki,Astie
350,308-44-2113,Sullivan,Hevner
351,144-68-5328,Jeanelle,Kestell
352,197-47-8386,Edward,Purbrick
353,209-78-8718,Alistair,Gedling
354,628-20-0031,Crosby,Spofford
355,421-20-2610,Gianni,Solloway
356,308-76-7007,Annissa,Buckston
357,443-38-3027,Meade,Glasby
358,484-82-8575,Marlin,Bould
359,137-07-1390,Pietrek,MacGillivrie
360,479-06-8700,Gayel,Coursor
361,424-16-9881,Mathew,Raith
362,245-74-5299,Kirsti,Matteoli
363,373-96-8051,Tiffi,Kezar
364,889-52-4940,Cheston,Melwall
365,830-25-8361,Mort,Kopf
366,189-47-4432,Rab,Aukland
367,835-42-8609,Gan,Bazylets
368,667-78-2474,Red,Restieaux
369,833-52-4797,Tibold,Sawer
370,774-10-4967,Issi,Spendley
371,464-51-6736,Neddie,Stoffer
372,245-60-7965,Haskell,Dickson
373,885-69-7503,Janice,Vyvyan
374,753-23-4090,Duncan,Farrier
375,293-68-7012,Fairlie,Brockton
376,339-27-9356,Astrid,Geratasch
377,149-33-0890,Deidre,Thurbon
378,342-86-9799,Menard,Le Moucheux
379,839-26-7870,Robbie,Jadczak
380,781-45-8985,Korney,Dettmar
381,442-90-6866,Velvet,Jelleman
382,643-32-7469,Dorena,Gocke
383,509-73-8469,Edy,Liversedge
384,625-27-2172,Mycah,Fosbraey
385,298-98-3090,Andreas,Hixson
386,320-18-0306,Joyann,Sautter
387,690-41-7791,Abe,Tremayle
388,392-93-1276,Bentley,Swan
389,138-99-2020,Maddy,Klesse
390,220-80-4110,Mervin,Connal
391,383-98-5927,Phyllida,Beccera
392,841-45-4615,Egan,Keeton
393,790-46-6665,Jacques,Shelley
394,578-98-5040,Grantham,Cleverley
395,136-92-2818,Veradis,Picker
396,574-55-5393,Isadore,Jindracek
397,830-51-6346,Lorry,Van den Velden
398,868-14-2397,Allegra,Skudder
399,839-64-8762,Hanna,Groom
400,268-16-9298,Hermon,Dukes
401,762-30-8859,Shelton,Grey
402,841-14-4510,Brnaba,Lackinton
403,475-10-1675,Amber,Priddey
404,682-34-3325,Ingemar,Hulks
405,828-91-2728,Yardley,Willbraham
406,659-46-6280,Martica,Shenfisch
407,365-65-8209,Morgun,Sumnall
408,757-90-2107,Rikki,Trotman
409,265-36-5974,Xever,Iacobo
410,649-03-1914,Chelsie,Pizzey
411,213-89-6239,Corty,Hazard
412,715-01-3228,Ambrose,Boleyn
413,800-91-8376,Nevil,Blaxton
414,353-88-1910,Norton,Antyukhin
415,831-53-2414,Sonny,Withur
416,537-91-2036,Kendell,Higbin
417,500-83-0693,Thalia,Fannon
418,216-60-5131,Stefan,Galego
419,259-06-8618,Niki,Carey
420,179-30-6381,Julia,Sleight
421,727-24-0381,Bennie,MacComiskey
422,888-04-7904,Barb,Kentwell
423,699-81-9573,Helenka,Fernandes
424,797-13-0903,Dalli,Housecraft
425,841-34-0461,Winifield,Humberstone
426,692-67-6182,Susi,Rigate
427,366-39-3338,Kania,Andreia
428,890-90-8743,Angus,Bubbear
429,660-42-2165,Tobit,Critten
430,624-19-3469,Myron,Helkin
431,560-15-0745,Gayle,Whitmell
432,857-61-0682,Diannne,Mangeot
433,203-94-5721,Juliet,Wickman
434,590-53-4958,Clary,Holmyard
435,273-93-4136,Aristotle,Barendtsen
436,833-99-0052,Ashlee,Lepope
437,875-80-7582,Kippy,Rainford
438,520-50-8228,Philipa,Pickerin
439,125-48-7772,Avrom,McNelly
440,586-33-5991,Mortie,Culleton
441,229-24-5423,Melinda,Zaple
442,742-14-4606,Natty,Godbehere
443,145-66-1970,Derrick,Dodshun
444,303-45-6544,Adaline,Beedie
445,508-32-4353,Elroy,Kuhne
446,291-65-9032,Levon,Ianetti
447,850-12-4712,Arnie,Message
448,275-54-3458,Antonius,Rash
449,466-48-7582,Aron,Siggs
450,582-65-6796,Trudy,Boggish
451,305-07-4935,Wakefield,Bavidge
452,269-91-3272,Kaye,Wallwork
453,447-19-8434,Agata,Sermin
454,743-83-4654,Sampson,Ordish
455,675-03-4725,Kelwin,Dewfall
456,634-18-5152,Lenora,Dehn
457,381-77-9862,Sumner,Pieche
458,103-32-9300,Pandora,Oguz
459,571-74-8885,Mason,Canacott
460,109-87-9293,Lind,Ianinotti
461,374-17-7150,Emanuel,Frill
462,208-31-8968,Suzy,Fley
463,873-15-7000,Beauregard,Bodechon
464,302-35-3972,Alis,Caroline
465,496-25-9633,Gabey,Brain
466,839-30-2304,Candida,Brooksbie
467,594-67-5790,Charin,Maffia
468,640-72-7086,Codie,Winterbottom
469,121-68-3358,Madeline,Tamplin
470,386-11-2593,Erroll,Grier
471,570-11-1715,Adele,Juleff
472,885-40-8381,Mandel,Leyban
473,508-81-4290,Adolphe,Szymonwicz
474,866-14-3710,Orazio,Gouch
475,184-85-3880,Hilda,Jeanon
476,137-29-0257,Carmelle,Madgin
477,237-24-7533,Loretta,Cleiment
478,506-20-0742,Norby,Schwier
479,781-80-2261,Albina,Cuffley
480,241-22-1672,Kippie,Dobell
481,773-93-4749,Elvira,Reavey
482,259-79-2610,Rose,Sturr
483,610-92-3821,Richy,Frensche
484,578-44-1255,Granville,Mailes
485,476-26-6923,Terrance,O'Fihillie
486,128-92-3619,Arlene,Griggs
487,175-85-7964,Forest,Shelton
488,770-39-0530,Mariel,Duffrie
489,155-82-7018,Bartholemy,Fitzgerald
490,683-23-7277,Becca,Armsby
491,403-64-9463,Ingemar,Kiln
492,208-69-6002,Suzanna,Smead
493,740-23-0262,Erroll,Grainge
494,498-91-7943,Pearl,Dreus
495,526-09-8381,Burtie,Nollet
496,435-25-7288,Fabien,Antony
497,749-06-9898,Bessy,Conor
498,262-92-3934,Donia,Folder
499,879-69-0487,Mohandas,Grinley
500,317-01-9352,Perren,Haysey
501,428-12-3900,Rogers,Gregson
502,494-51-4902,Lou,Kisting
503,156-56-8452,Coral,Guiraud
504,870-74-2413,Ruby,Helgass
505,157-62-7810,Heather,Derrington
506,659-18-3327,Catherina,Fields
507,111-50-5689,Rivi,Buckenhill
508,192-74-2393,Desmond,St. Ledger
509,431-98-5736,Ardeen,Aglione
510,656-36-9863,Bobbette,Penni
511,387-09-2361,Avery,Fabri
512,533-52-5769,Jaquenette,Scholfield
513,399-06-4916,Karly,Minette
514,876-19-5554,Emogene,Rudsdale
515,661-51-6056,Fitz,Radden
516,569-05-3396,Deloris,Hasty
517,255-83-5318,Gustavo,Stabbins
518,147-95-1705,Marney,Welchman
519,702-85-0588,Camilla,Phifer
520,260-06-3145,Meg,McReynolds
521,848-51-5131,Lane,Bedome
522,648-45-0638,Tandi,Farquhar
523,720-44-6367,Amble,Tiner
524,152-09-1148,Ker,Beverstock
525,458-33-5732,Tammy,Twaite
526,376-37-2256,Brocky,Block
527,134-60-2563,Torey,Stanmer
528,633-38-4541,Verile,Synke
529,661-26-9897,Kerry,Wiles
530,216-97-4658,Jeremie,Leil
531,315-48-0021,Mariana,Featherstonhaugh
532,715-80-1174,Nanny,Huddlestone
533,140-08-3954,Kile,Jozsef
534,644-59-4261,Moira,Crisford
535,235-50-9799,Christie,Marjanski
536,521-15-5801,Dalis,Moyce
537,586-96-6123,Cindra,Brotherick
538,162-31-5957,Bili,Pidgeley
539,154-54-8887,Napoleon,Gawkroge
540,610-20-3231,Emmalynne,Derkes
541,658-70-4784,Norton,Sealand
542,440-02-3830,Emili,Plaister
543,870-09-3383,Dotti,Keeble
544,201-49-6201,Wylie,Remer
545,438-66-9139,Roana,Danigel
546,164-85-9644,Maxine,Castanaga
547,667-83-5483,Hyacinth,Guitt
548,378-24-3658,Debora,O'Scanlon
549,290-38-3606,Candida,Leban
550,156-59-7100,Eddy,Lorkins
551,145-92-1028,Lonee,Spyer
552,404-63-2033,Gherardo,Pollack
553,298-23-3526,Maureene,Acome
554,560-66-9648,Claudie,Astupenas
555,190-15-2471,Khalil,Headland
556,311-29-8704,Derril,Buxcy
557,207-67-0754,Richmound,Greeding
558,381-36-9715,Tomasina,McKernon
559,667-73-9719,Almeda,Guerra
560,674-58-6010,Milzie,Stranks
561,555-53-1437,Ricki,Franz
562,519-69-7844,Ody,Bulluck
563,485-82-3987,Kathie,Sagerson
564,230-22-1236,Tremayne,Gjerde
565,187-78-9787,Lea,Swine
566,870-84-0277,Lorin,Abbatucci
567,477-62-4127,Ettore,Peedell
568,520-27-5215,Ema,O'Feeny
569,571-43-5951,Freddy,Sockell
570,798-36-8315,Maurene,Merrywether
571,561-49-7255,Lillis,Dowsey
572,102-10-0764,Vinnie,L'Hommee
573,594-26-3410,Blithe,Mahaffey
574,102-75-5515,Marabel,Cisland
575,105-56-4326,Merci,Freen
576,621-38-8789,Chrysa,Parratt
577,685-22-9760,Ezequiel,Casarini
578,130-66-9692,Kelby,Dunster
579,899-32-0987,Lorelei,Durrand
580,450-13-2917,Allys,Folomin
581,627-21-9682,Mac,Andreasson
582,105-40-5981,Berny,Fullylove
583,147-60-1592,Alford,Extall
584,398-74-0034,Dotty,Laweles
585,801-58-6711,Randy,Mollitt
586,526-83-9803,Ali,Gladeche
587,883-56-2844,Rubia,Olive
588,633-94-7302,Bernardo,Holburn
589,267-77-2818,Odella,Stachini
590,733-53-2682,Herman,Kinkaid
591,460-74-0157,Therine,Loughren
592,571-26-7435,Karin,MacLaren
593,764-79-6284,Gretta,Barajaz
594,414-73-1930,Anthe,Skillen
595,474-05-3579,Fitzgerald,Almack
596,558-29-4753,Milka,Vuitton
597,521-03-5959,Beulah,Ortmann
598,820-33-1109,Cyndie,Hrynczyk
599,651-60-2153,Merv,McBeith
600,772-61-6129,Darya,Dreinan
601,472-52-1167,Lauretta,Draijer
602,473-68-5643,Etta,Tearney
603,153-61-2494,Kare,De Roberto
604,694-31-2863,Livia,Pounds
605,865-47-5975,Sullivan,Jenking
606,161-68-2121,Lowe,Hallowes
607,286-73-7010,Sissy,Dutnell
608,642-63-8364,Emalia,Maddy
609,546-13-9143,Glori,Tubbles
610,530-62-6159,Davon,Kurtis
611,103-76-8597,Corissa,Pescott
612,849-33-8810,Andonis,Brandom
613,260-33-5517,Aurlie,Leggis
614,563-52-3533,Kristo,Allwell
615,660-04-4212,Noby,Tucknott
616,609-85-1308,Tannie,Chomley
617,732-02-1007,Dianne,Buckerfield
618,562-78-2533,Glory,Kikke
619,245-63-2636,Dacia,Filippello
620,612-03-7180,Robb,Otteridge
621,167-14-8726,Elinore,Lilie
622,302-65-1076,Devi,Rylett
623,576-07-8888,Elwood,Caskie
624,893-60-3040,Arlan,Feragh
625,679-78-0204,Sylas,Deppen
626,269-83-8125,Toby,Bestwall
627,827-71-9839,Benson,Oglesbee
628,836-32-1701,Donnell,Anstiss
629,705-18-1339,Pascal,Happel
630,869-83-2570,Celia,Olford
631,271-79-7823,Deedee,Ielden
632,690-73-0198,Chrisse,Soanes
633,560-43-4004,Gunar,Fairfull
634,144-81-8580,Cinderella,Kirdsch
635,754-61-4542,Latrina,Kroch
636,405-27-5648,Pembroke,McAllan
637,640-40-1112,Hayley,Meynell
638,384-74-1114,Shepperd,Croutear
639,689-97-0263,Michaella,Oldcote
640,868-51-0005,Guenna,Sorbie
641,589-63-0502,Layney,Woollam
642,304-87-4904,Jerrylee,Ingliby
643,567-91-0115,Dona,Quantrill
644,867-86-9112,Ephrayim,Dreigher
645,659-57-9126,Adam,Dobing
646,366-22-5898,Hank,Ateridge
647,754-23-6366,Rachel,Espin
648,180-59-8512,Arney,Kornousek
649,332-53-5223,Amber,Brushfield
650,615-09-7887,Darryl,Slimme
651,518-84-4078,Frederich,Thame
652,793-35-9365,Seth,Liddiard
653,512-13-1197,Norma,Lamden
654,862-39-7164,Kaycee,Kobpal
655,134-77-9424,Hamlin,Cromley
656,605-14-2146,Elsy,Rusted
657,510-42-6812,Evelin,Busfield
658,501-49-4529,Lorine,Extance
659,449-73-6479,Bern,Fillgate
660,624-95-3773,Lionel,Wilcock
661,625-78-1460,Vittorio,Clowton
662,113-76-6428,Benedict,Treleaven
663,308-69-7658,Wait,Kennaway
664,262-08-3201,Erda,Rouse
665,856-49-9994,Orlando,Dalgardno
666,335-84-2035,Grove,Piatkowski
667,472-90-5847,Isidora,Sidary
668,681-25-2194,Dorey,McLeese
669,703-48-0348,Olag,Vaskin
670,530-21-6402,Daren,Tiffin
671,278-24-5967,Trey,Scarrisbrick
672,224-90-7461,Eryn,Asey
673,432-02-3226,Abraham,Oxton
674,615-46-9033,Franzen,Seamark
675,180-11-9907,Brockie,Schuricke
676,289-74-6642,Charis,Gear
677,567-70-4103,Lori,Lashford
678,177-71-6832,Scottie,Dingley
679,840-82-3420,Gunar,Teresi
680,182-82-5261,Gerta,Cabrera
681,356-27-7507,Cristal,Minker
682,313-23-3786,Yank,Lidgey
683,287-58-9199,Kasper,Glasgow
684,827-74-4003,Beck,Beringer
685,656-54-8761,Kaylyn,Epgrave
686,382-23-8677,Artus,Naris
687,392-21-7907,Kelcie,Signe
688,650-46-7555,Elfie,Batcheldor
689,703-68-9143,Annis,Stilgoe
690,746-03-9725,Darrick,Mathewes
691,112-88-7147,Kendrick,Lydall
692,427-36-4192,Harrietta,MacDonough
693,306-49-6485,Davis,Vickar
694,144-63-1297,Genevieve,Kaine
695,808-73-9841,Bordie,Salaman
696,762-62-6009,Georgine,Shannon
697,757-19-3327,Margie,Dami
698,371-32-3287,Yasmin,Dunkerly
699,897-29-4786,Val,Larkin
700,242-44-7138,Armand,Garratt
701,330-93-0763,Kinny,Pawlett
702,271-86-3697,Cash,Martinets
703,635-10-6913,Brandyn,Woods
704,872-11-0550,Mathew,Pankettman
705,146-97-9889,Federico,Dosdale
706,469-99-0496,Ly,Landis
707,268-21-8076,Alida,Headland
708,858-07-1982,Vikky,Bellsham
709,885-36-2764,Aili,Duffitt
710,370-71-5909,Barbey,Goldby
711,424-65-6883,Kendall,Ragg
712,768-52-1668,Sacha,Doleman
713,472-76-9638,Wyn,Dupey
714,342-59-4570,Illa,De Andisie
715,135-40-3203,Nerte,Mc Caughen
716,722-01-3141,Gabbey,Pledger
717,469-76-9778,Town,Kimblen
718,595-84-4380,Yul,Broseman
719,405-68-6823,Rodina,Dack
720,241-23-1182,Frederic,Rutherfoord
721,630-10-9661,Alisun,Adlington
722,135-29-0507,Lora,Hawkey
723,601-19-8624,Tait,Wardesworth
724,485-70-1884,Woodman,Cicchillo
725,180-27-9504,Davidson,Bohike
726,396-84-2929,Randall,Stobbie
727,733-74-2504,Gavrielle,Hallums
728,539-98-8276,Carmella,Jagson
729,708-97-8821,Danya,Roebuck
730,226-23-6429,Broderick,Weyman
731,559-06-4106,Jeno,Albasini
732,747-36-9397,Dunn,Marquot
733,647-94-9227,Correna,Eyckelbeck
734,240-90-7610,Meredith,Crewther
735,884-83-5352,Jocelyn,Goggan
736,106-03-2960,Clementia,Birmingham
737,308-64-1242,Warden,Bricknall
738,270-68-4307,Darn,Reston
739,450-88-9085,Lyon,Wixey
740,406-47-7993,Boot,Erdely
741,723-82-7899,Mindy,Leyburn
742,154-34-2552,Rosette,Welfare
743,715-33-7921,Margaretta,Buzek
744,497-54-4610,Jasen,Heintze
745,762-94-2506,Herold,Gwinn
746,508-14-0604,Prentiss,Vobes
747,346-08-8537,Shandee,Pomery
748,355-09-6118,Isaac,Mundall
749,386-27-3223,Urbain,Lillie
750,507-51-2837,Rickert,Niece
751,382-49-3579,Corliss,Taberner
752,145-82-7439,Clarine,Sysland
753,619-42-6467,Phebe,Embery
754,796-38-2036,Karel,Jacobsson
755,894-29-3507,Kristal,Sitch
756,813-42-0558,Nancy,Jeannesson
757,897-36-4838,Martita,Swires
758,254-08-1801,Corny,Girling
759,343-33-0766,Scarface,Gregorio
760,165-94-2272,Lauritz,Goadbie
761,882-63-7590,Caryl,Jossel
762,220-68-1717,Talbot,Bourtoumieux
763,740-99-6616,Devina,Lukock
764,785-41-9729,Harriot,Trench
765,539-33-5993,Malory,Woodham
766,553-74-7777,Lizzy,Gomery
767,415-52-0332,Emlyn,Boule
768,507-66-6961,Jecho,Scorer
769,831-28-8622,Gayelord,Bradmore
770,145-24-3269,Colby,Spennock
771,452-95-6513,Jason,Avrahamof
772,383-29-7787,Flory,Skae
773,899-22-1072,Wood,Stucksbury
774,321-67-5992,Fidelio,Jerratsch
775,354-25-7345,Barth,Wingfield
776,383-62-9909,Petunia,Buske
777,271-92-0826,Silvester,Curneen
778,552-98-3600,Thalia,Cornelleau
779,682-21-7678,Monah,Lindroos
780,235-43-9247,Aprilette,Trudgian
781,806-68-6617,Sayre,Vick
782,330-25-0672,Debora,Filipczak
783,768-20-4448,Raff,Brandt
784,649-93-7682,Devonne,Moralis
785,809-59-7332,Teri,Aleksahkin
786,724-37-2463,Bert,Eard
787,850-47-0942,Regan,Fitzroy
788,198-61-5515,Fin,Patek
789,542-51-2875,Dorelia,Maleck
790,684-55-2175,Ricoriki,Cano
791,745-81-9985,Ly,Goade
792,654-30-7734,Amara,Polleye
793,347-61-3058,Elsy,Rayne
794,797-86-1288,Gillian,Lundie
795,732-96-3383,Deonne,Le Friec
796,375-06-2565,Karisa,Risborough
797,103-68-2041,Renata,Sprott
798,216-68-6410,Vernor,Lomen
799,515-97-8996,Ewart,Mendes
800,294-04-0266,Jessey,Gerhardt
801,669-71-8140,Lorene,Brazil
802,413-70-2137,Claire,Ledford
803,415-11-8818,Gale,Thys
804,285-74-4068,Bertie,Becks
805,132-01-9294,Maureen,Hutable
806,463-87-3391,Doretta,Gurner
807,689-65-6224,Inglebert,Titterrell
808,362-82-1762,Dionysus,Ashurst
809,614-71-8016,Caesar,Arkley
810,540-43-2499,Dun,Chimenti
811,251-48-0390,Lorrie,Wedmore
812,649-24-8331,Lindsey,Seymour
813,481-15-1717,Cirstoforo,Tewnion
814,223-25-6153,Marijn,Bienvenu
815,745-64-9971,Olivette,Barraclough
816,842-82-3381,Clareta,Tomini
817,299-23-8513,Reinwald,Beetham
818,841-70-5932,Dennis,Beert
819,839-36-1137,Chrysa,Lago
820,631-15-0310,Moritz,Boig
821,351-98-2848,Natalina,Portam
822,565-27-3480,Papageno,Pikett
823,280-48-7366,Christie,Whyteman
824,372-98-5465,Nahum,Dunsmore
825,300-08-3869,Viviene,Melross
826,858-03-0710,Maitilde,Palphramand
827,848-39-3711,Dolorita,Kohrt
828,384-91-4326,Tirrell,Braganca
829,744-99-3735,Georgi,Trunkfield
830,835-47-2346,Abey,Franks
831,415-67-0905,Pierre,Roskelley
832,853-34-0176,Whit,Thunnercliff
833,446-21-4744,Lefty,Mariner
834,275-50-0804,Isidro,Kleyn
835,787-81-7505,Bryana,Lighton
836,628-17-4058,Reece,Hallex
837,773-48-6780,Masha,Sharrard
838,437-97-5815,Alexandro,Waskett
839,313-03-1739,Alfy,Beckey
840,391-95-6816,Tess,Holbarrow
841,354-35-7718,Lorraine,Shafier
842,745-20-5522,Gerhardt,Weinmann
843,464-11-0274,Dinnie,McCosker
844,637-41-7488,Lizbeth,Elford
845,252-32-6801,Luelle,Langfield
846,193-30-6619,Karlen,Morey
847,528-68-3620,Bernadette,Peery
848,378-86-8401,Gilburt,Keattch
849,702-43-0877,Kamillah,Puddephatt
850,256-44-8263,Joelie,Dewer
851,399-89-7468,Lucia,Scintsbury
852,851-71-0082,Jenica,Dorbin
853,257-33-6668,Jemima,Dagnan
854,154-43-1354,Calla,Aizikovitch
855,187-73-9003,Alane,Lighten
856,340-75-6809,Shirleen,Elphinstone
857,637-72-3823,Valera,Gulliver
858,462-08-0684,Mayor,Larroway
859,338-45-8583,Karylin,Thompson
860,154-76-5807,Ansel,Kinnar
861,812-54-3505,Mortie,Saulter
862,845-96-5752,Morey,Mulbery
863,699-18-5436,Inessa,Ivanovic
864,300-47-7711,Candi,MacAlpine
865,749-73-4851,Petronilla,Fyldes
866,377-48-5299,Steffen,Loutheane
867,222-62-9587,Rubin,Atte-Stone
868,389-38-0335,Mar,Dragonette
869,822-64-0568,Terencio,Bown
870,370-61-3846,Letty,Corey
871,191-39-6910,Jeanette,Oaten
872,116-78-8332,Fiorenze,Stephens
873,408-05-7596,Dayle,Smallpeace
874,301-64-4463,Doyle,Stapley
875,319-16-7720,Aigneis,Axtens
876,157-67-3609,Vinnie,Frensch
877,160-82-6931,Othelia,Silby
878,230-37-5901,Dione,Drew-Clifton
879,625-71-9475,Bert,Bortolomei
880,826-67-9193,Timi,Betteson
881,204-29-5562,Leo,Setterthwait
882,607-40-1844,Nedda,Krugmann
883,821-85-3780,De witt,Roscher
884,398-66-1159,Alphonse,Malacrida
885,736-58-8771,Ranna,MacMaster
886,670-74-6138,Clarette,Satterfitt
887,761-97-3021,Sandye,Alexsandrov
888,345-23-0389,Roseline,Monkley
889,405-93-7041,Royall,Swedeland
890,652-06-3768,Lester,Wallentin
891,363-72-7307,Sauveur,Kirwin
892,866-75-0851,Daile,Blunsum
893,532-14-6044,Ellyn,Blunsen
894,560-56-4328,Bellina,Pecht
895,553-90-5980,Malvina,Dorling
896,110-36-7573,Saree,Winterson
897,874-31-3453,Crysta,Nashe
898,229-05-2212,Jo-anne,Suett
899,112-29-7705,Layton,Sampson
900,461-06-8021,Base,Rodwell
901,499-78-1497,Tobi,O'Bradane
902,334-31-8452,Currey,Paull
903,265-41-8797,Daphna,Ollivier
904,247-38-0835,Morton,Dawidsohn
905,772-22-1489,Forbes,Gatehouse
906,158-93-0151,Sonny,Ivanyushkin
907,323-17-3692,Blanca,Ternott
908,852-95-3539,Marc,Pollendine
909,879-91-1894,Clementina,Lambie
910,330-81-7196,Caresse,Depper
911,356-19-0218,Nerta,Vinten
912,580-52-3049,Zed,Roake
913,534-15-4163,Tommy,Brickhill
914,271-96-1445,Nerte,Koch
915,588-24-6663,Darn,Tosney
916,613-92-4124,Radcliffe,Hane
917,661-53-3723,Sherri,McCosker
918,448-37-5769,Oralie,Scarce
919,862-98-5068,Mona,Buckner
920,469-71-2431,Thea,Cervantes
921,761-94-1794,Carlie,Ord
922,306-07-6248,Kelli,Newlan
923,870-99-2003,Pavla,Louth
924,622-52-0653,Berthe,Boadby
925,433-23-1699,Bob,Loadwick
926,284-88-2555,Bernette,Dade
927,741-34-1485,Stacy,Luxon
928,530-28-2007,Clement,Ramble
929,196-66-2259,Moina,Dell
930,136-57-2775,Isis,Tower
931,359-20-9613,Glad,Grube
932,305-66-3274,Trenna,Barehead
933,286-68-3103,Alvira,Elvins
934,446-93-9361,Kora,Digwood
935,630-46-0061,Rozanne,Jacomb
936,533-10-4123,Dion,Rubin
937,685-41-7193,Barnett,Trematick
938,737-27-0112,Tibold,Golson
939,110-05-3592,Dougy,Binge
940,154-85-1044,Jaquenetta,Rollins
941,592-83-0700,Odelle,Kondratyuk
942,330-21-6880,Jody,Cridland
943,301-07-5070,Bartholomew,Skotcher
944,618-86-6960,Mirella,Gorcke
945,423-92-3164,Bernardo,Martlew
946,825-40-6812,Tamma,Greensall
947,821-20-5704,Rand,O' Finan
948,462-64-5225,Jorey,Denholm
949,531-19-4828,Isac,Levington
950,434-19-4207,Daryle,Edgecumbe
951,421-67-7588,Lelia,Node
952,290-32-6010,Denna,Emmitt
953,462-43-9227,Laetitia,Skingle
954,860-50-4110,Mufi,Tebboth
955,273-33-1231,Mora,Elion
956,714-55-9034,Jillie,Dabourne
957,425-49-8473,Raoul,Stopper
958,518-96-7333,Tiffie,Brabbs
959,620-86-2206,Artemas,Leathes
960,171-95-6752,Neville,Southerns
961,886-49-8890,Ripley,Tilly
962,576-01-2488,Jacquelyn,Brumpton
963,393-19-6651,Sibella,Ritmeier
964,198-40-3886,Frannie,Destouche
965,703-60-6114,Maye,Aikin
966,793-23-7200,Julie,Rays
967,156-55-0208,Norbert,Ripping
968,506-16-4362,Aubrey,Batrim
969,624-40-2711,Deloria,Clara
970,616-39-9909,Stepha,Mastrantone
971,436-11-6085,Domeniga,McKeachie
972,215-39-4347,Jaquenette,Zannotelli
973,676-04-7187,Elga,Hovell
974,123-80-7034,Alvinia,Aingell
975,224-50-4173,Selestina,Ganning
976,413-29-7453,Allyce,Leggan
977,817-44-3486,Sayer,Roubert
978,883-77-7005,Reeba,Butchard
979,875-15-3856,Allyn,Petters
980,111-77-2157,Tiff,Plitz
981,293-05-9797,Lou,Nial
982,170-04-8944,Prentiss,Faas
983,224-03-2625,Dina,Darrell
984,762-95-1904,Rolfe,Langlais
985,280-43-4691,Ricardo,Bewly
986,586-85-0673,Gabriello,Kingsmill
987,127-79-5325,Casi,Keen
988,817-59-1265,Carlene,Rayhill
989,500-15-3167,Arman,McIlmorow
990,522-62-2791,Salli,Curnick
991,159-29-6486,Krishnah,Towler
992,707-92-0541,Berny,Gillam
993,817-50-7565,Carce,Peregrine
994,732-40-5338,Hakim,Trever
995,425-63-8664,Cinnamon,Jannex
996,869-18-3062,Lynne,Janney
997,191-15-2298,Isobel,Terney
998,381-64-8222,Bram,Brunsen
999,265-27-4262,Etta,Morriss
1000,859-29-4316,Vaclav,Angrick
